This is pdfTeX, Version 3.14159265-2.6-1.40.20 (TeX Live 2019/Debian) (preloaded format=pdflatex 2021.8.23)  3 SEP 2021 11:50
entering extended mode
 restricted \write18 enabled.
 %&-line parsing enabled.
**apapadop_LightCone_Neutrinos.tex
(./apapadop_LightCone_Neutrinos.tex
LaTeX2e <2020-02-02> patch level 2
L3 programming layer <2020-02-14>
(/usr/share/texlive/texmf-dist/tex/latex/base/article.cls
Document Class: article 2019/12/20 v1.4l Standard LaTeX document class
(/usr/share/texlive/texmf-dist/tex/latex/base/size10.clo
File: size10.clo 2019/12/20 v1.4l Standard LaTeX file (size option)
)
\c@part=\count167
\c@section=\count168
\c@subsection=\count169
\c@subsubsection=\count170
\c@paragraph=\count171
\c@subparagraph=\count172
\c@figure=\count173
\c@table=\count174
\abovecaptionskip=\skip47
\belowcaptionskip=\skip48
\bibindent=\dimen134
)
(/usr/share/texlive/texmf-dist/tex/generic/babel/babel.sty
Package: babel 2020/02/14 3.40 The Babel package

(/usr/share/texlive/texmf-dist/tex/generic/babel/switch.def
File: switch.def 2020/02/14 3.40 Babel switching mechanism
)
(/usr/share/texlive/texmf-dist/tex/generic/babel-english/english.ldf
Language: english 2017/06/06 v3.3r English support from the babel system

(/usr/share/texlive/texmf-dist/tex/generic/babel/babel.def
File: babel.def 2020/02/14 3.40 Babel common definitions
\babel@savecnt=\count175
\U@D=\dimen135

(/usr/share/texlive/texmf-dist/tex/generic/babel/txtbabel.def)
\bbl@readstream=\read2
\bbl@dirlevel=\count176
)
Package babel Info: \l@canadian = using hyphenrules for english
(babel)             (\language0) on input line 102.
Package babel Info: \l@australian = using hyphenrules for ukenglish
(babel)             (\language61) on input line 105.
Package babel Info: \l@newzealand = using hyphenrules for ukenglish
(babel)             (\language61) on input line 108.
))
(/usr/share/texlive/texmf-dist/tex/latex/adjustbox/adjustbox.sty
Package: adjustbox 2019/01/04 v1.2 Adjusting TeX boxes (trim, clip, ...)

(/usr/share/texlive/texmf-dist/tex/latex/xkeyval/xkeyval.sty
Package: xkeyval 2014/12/03 v2.7a package option processing (HA)

(/usr/share/texlive/texmf-dist/tex/generic/xkeyval/xkeyval.tex
(/usr/share/texlive/texmf-dist/tex/generic/xkeyval/xkvutils.tex
\XKV@toks=\toks14
\XKV@tempa@toks=\toks15

(/usr/share/texlive/texmf-dist/tex/generic/xkeyval/keyval.tex))
\XKV@depth=\count177
File: xkeyval.tex 2014/12/03 v2.7a key=value parser (HA)
))
(/usr/share/texlive/texmf-dist/tex/latex/adjustbox/adjcalc.sty
Package: adjcalc 2012/05/16 v1.1 Provides advanced setlength with multiple back
-ends (calc, etex, pgfmath)
)
(/usr/share/texlive/texmf-dist/tex/latex/adjustbox/trimclip.sty
Package: trimclip 2018/04/08 v1.1 Trim and clip general TeX material

(/usr/share/texlive/texmf-dist/tex/latex/graphics/graphicx.sty
Package: graphicx 2019/11/30 v1.2a Enhanced LaTeX Graphics (DPC,SPQR)

(/usr/share/texlive/texmf-dist/tex/latex/graphics/graphics.sty
Package: graphics 2019/11/30 v1.4a Standard LaTeX Graphics (DPC,SPQR)

(/usr/share/texlive/texmf-dist/tex/latex/graphics/trig.sty
Package: trig 2016/01/03 v1.10 sin cos tan (DPC)
)
(/usr/share/texlive/texmf-dist/tex/latex/graphics-cfg/graphics.cfg
File: graphics.cfg 2016/06/04 v1.11 sample graphics configuration
)
Package graphics Info: Driver file: pdftex.def on input line 105.

(/usr/share/texlive/texmf-dist/tex/latex/graphics-def/pdftex.def
File: pdftex.def 2018/01/08 v1.0l Graphics/color driver for pdftex
))
\Gin@req@height=\dimen136
\Gin@req@width=\dimen137
)
(/usr/share/texlive/texmf-dist/tex/latex/collectbox/collectbox.sty
Package: collectbox 2012/05/17 v0.4b Collect macro arguments as boxes
\collectedbox=\box45
)
\tc@llx=\dimen138
\tc@lly=\dimen139
\tc@urx=\dimen140
\tc@ury=\dimen141
Package trimclip Info: Using driver 'tc-pdftex.def'.

(/usr/share/texlive/texmf-dist/tex/latex/adjustbox/tc-pdftex.def
File: tc-pdftex.def 2019/01/04 v2.2 Clipping driver for pdftex
))
\adjbox@Width=\dimen142
\adjbox@Height=\dimen143
\adjbox@Depth=\dimen144
\adjbox@Totalheight=\dimen145
\adjbox@pwidth=\dimen146
\adjbox@pheight=\dimen147
\adjbox@pdepth=\dimen148
\adjbox@ptotalheight=\dimen149

(/usr/share/texlive/texmf-dist/tex/latex/ifoddpage/ifoddpage.sty
Package: ifoddpage 2016/04/23 v1.1 Conditionals for odd/even page detection
\c@checkoddpage=\count178
)
(/usr/share/texlive/texmf-dist/tex/latex/varwidth/varwidth.sty
Package: varwidth 2009/03/30 ver 0.92;  Variable-width minipages
\@vwid@box=\box46
\sift@deathcycles=\count179
\@vwid@loff=\dimen150
\@vwid@roff=\dimen151
))
(/usr/share/texlive/texmf-dist/tex/latex/base/inputenc.sty
Package: inputenc 2018/08/11 v1.3c Input encoding file
\inpenc@prehook=\toks16
\inpenc@posthook=\toks17

(/usr/share/texlive/texmf-dist/tex/latex/ucs/utf8x.def
File: utf8x.def 2004/10/17 UCS: Input encoding UTF-8
))
(/usr/share/texlive/texmf-dist/tex/latex/ucs/ucs.sty
Package: ucs 2013/05/11 v2.2 UCS: Unicode input support

(/usr/share/texlive/texmf-dist/tex/latex/ucs/data/uni-global.def
File: uni-global.def 2013/05/13 UCS: Unicode global data
)
\uc@secondtry=\count180
\uc@combtoks=\toks18
\uc@combtoksb=\toks19
\uc@temptokena=\toks20
)
(/usr/share/texlive/texmf-dist/tex/latex/base/fontenc.sty
Package: fontenc 2020/02/11 v2.0o Standard LaTeX package
)
(/usr/share/texlive/texmf-dist/tex/latex/graphics/color.sty
Package: color 2019/11/23 v1.2a Standard LaTeX Color (DPC)

(/usr/share/texlive/texmf-dist/tex/latex/graphics-cfg/color.cfg
File: color.cfg 2016/01/02 v1.6 sample color configuration
)
Package color Info: Driver file: pdftex.def on input line 147.

(/usr/share/texlive/texmf-dist/tex/latex/graphics/dvipsnam.def
File: dvipsnam.def 2016/06/17 v3.0m Driver-dependent file (DPC,SPQR)
))
(/usr/share/texlive/texmf-dist/tex/latex/geometry/geometry.sty
Package: geometry 2020/01/02 v5.9 Page Geometry

(/usr/share/texlive/texmf-dist/tex/generic/iftex/ifvtex.sty
Package: ifvtex 2019/10/25 v1.7 ifvtex legacy package. Use iftex instead.

(/usr/share/texlive/texmf-dist/tex/generic/iftex/iftex.sty
Package: iftex 2019/11/07 v1.0c TeX engine tests
))
\Gm@cnth=\count181
\Gm@cntv=\count182
\c@Gm@tempcnt=\count183
\Gm@bindingoffset=\dimen152
\Gm@wd@mp=\dimen153
\Gm@odd@mp=\dimen154
\Gm@even@mp=\dimen155
\Gm@layoutwidth=\dimen156
\Gm@layoutheight=\dimen157
\Gm@layouthoffset=\dimen158
\Gm@layoutvoffset=\dimen159
\Gm@dimlist=\toks21
)
(/usr/share/texlive/texmf-dist/tex/latex/amsmath/amsmath.sty
Package: amsmath 2020/01/20 v2.17e AMS math features
\@mathmargin=\skip49

For additional information on amsmath, use the `?' option.
(/usr/share/texlive/texmf-dist/tex/latex/amsmath/amstext.sty
Package: amstext 2000/06/29 v2.01 AMS text

(/usr/share/texlive/texmf-dist/tex/latex/amsmath/amsgen.sty
File: amsgen.sty 1999/11/30 v2.0 generic functions
\@emptytoks=\toks22
\ex@=\dimen160
))
(/usr/share/texlive/texmf-dist/tex/latex/amsmath/amsbsy.sty
Package: amsbsy 1999/11/29 v1.2d Bold Symbols
\pmbraise@=\dimen161
)
(/usr/share/texlive/texmf-dist/tex/latex/amsmath/amsopn.sty
Package: amsopn 2016/03/08 v2.02 operator names
)
\inf@bad=\count184
LaTeX Info: Redefining \frac on input line 227.
\uproot@=\count185
\leftroot@=\count186
LaTeX Info: Redefining \overline on input line 389.
\classnum@=\count187
\DOTSCASE@=\count188
LaTeX Info: Redefining \ldots on input line 486.
LaTeX Info: Redefining \dots on input line 489.
LaTeX Info: Redefining \cdots on input line 610.
\Mathstrutbox@=\box47
\strutbox@=\box48
\big@size=\dimen162
LaTeX Font Info:    Redeclaring font encoding OML on input line 733.
LaTeX Font Info:    Redeclaring font encoding OMS on input line 734.
\macc@depth=\count189
\c@MaxMatrixCols=\count190
\dotsspace@=\muskip16
\c@parentequation=\count191
\dspbrk@lvl=\count192
\tag@help=\toks23
\row@=\count193
\column@=\count194
\maxfields@=\count195
\andhelp@=\toks24
\eqnshift@=\dimen163
\alignsep@=\dimen164
\tagshift@=\dimen165
\tagwidth@=\dimen166
\totwidth@=\dimen167
\lineht@=\dimen168
\@envbody=\toks25
\multlinegap=\skip50
\multlinetaggap=\skip51
\mathdisplay@stack=\toks26
LaTeX Info: Redefining \[ on input line 2859.
LaTeX Info: Redefining \] on input line 2860.
)
(/usr/share/texlive/texmf-dist/tex/latex/float/float.sty
Package: float 2001/11/08 v1.3d Float enhancements (AL)
\c@float@type=\count196
\float@exts=\toks27
\float@box=\box49
\@float@everytoks=\toks28
\@floatcapt=\box50
)
(/usr/share/texlive/texmf-dist/tex/latex/todonotes/todonotes.sty
Package: todonotes 2019/01/24 v1.1.2 Todonotes source and documentation.
Package: todonotes 2018/11/22

(/usr/share/texlive/texmf-dist/tex/latex/base/ifthen.sty
Package: ifthen 2014/09/29 v1.1c Standard LaTeX ifthen package (DPC)
)
(/usr/share/texlive/texmf-dist/tex/latex/xcolor/xcolor.sty
Package: xcolor 2016/05/11 v2.12 LaTeX color extensions (UK)

(/usr/share/texlive/texmf-dist/tex/latex/graphics-cfg/color.cfg
File: color.cfg 2016/01/02 v1.6 sample color configuration
)
Package xcolor Info: Driver file: pdftex.def on input line 225.
LaTeX Info: Redefining \color on input line 709.
Package xcolor Info: Model `cmy' substituted by `cmy0' on input line 1348.
Package xcolor Info: Model `hsb' substituted by `rgb' on input line 1352.
Package xcolor Info: Model `RGB' extended on input line 1364.
Package xcolor Info: Model `HTML' substituted by `rgb' on input line 1366.
Package xcolor Info: Model `Hsb' substituted by `hsb' on input line 1367.
Package xcolor Info: Model `tHsb' substituted by `hsb' on input line 1368.
Package xcolor Info: Model `HSB' substituted by `hsb' on input line 1369.
Package xcolor Info: Model `Gray' substituted by `gray' on input line 1370.
Package xcolor Info: Model `wave' substituted by `hsb' on input line 1371.
)
(/usr/share/texlive/texmf-dist/tex/latex/pgf/frontendlayer/tikz.sty
(/usr/share/texlive/texmf-dist/tex/latex/pgf/basiclayer/pgf.sty
(/usr/share/texlive/texmf-dist/tex/latex/pgf/utilities/pgfrcs.sty
(/usr/share/texlive/texmf-dist/tex/generic/pgf/utilities/pgfutil-common.tex
\pgfutil@everybye=\toks29
\pgfutil@tempdima=\dimen169
\pgfutil@tempdimb=\dimen170

(/usr/share/texlive/texmf-dist/tex/generic/pgf/utilities/pgfutil-common-lists.t
ex)) (/usr/share/texlive/texmf-dist/tex/generic/pgf/utilities/pgfutil-latex.def
\pgfutil@abb=\box51
(/usr/share/texlive/texmf-dist/tex/latex/ms/everyshi.sty
Package: everyshi 2001/05/15 v3.00 EveryShipout Package (MS)
))
(/usr/share/texlive/texmf-dist/tex/generic/pgf/utilities/pgfrcs.code.tex
(/usr/share/texlive/texmf-dist/tex/generic/pgf/pgf.revision.tex)
Package: pgfrcs 2020/01/08 v3.1.5b (3.1.5b)
))
Package: pgf 2020/01/08 v3.1.5b (3.1.5b)

(/usr/share/texlive/texmf-dist/tex/latex/pgf/basiclayer/pgfcore.sty
(/usr/share/texlive/texmf-dist/tex/latex/pgf/systemlayer/pgfsys.sty
(/usr/share/texlive/texmf-dist/tex/generic/pgf/systemlayer/pgfsys.code.tex
Package: pgfsys 2020/01/08 v3.1.5b (3.1.5b)

(/usr/share/texlive/texmf-dist/tex/generic/pgf/utilities/pgfkeys.code.tex
\pgfkeys@pathtoks=\toks30
\pgfkeys@temptoks=\toks31

(/usr/share/texlive/texmf-dist/tex/generic/pgf/utilities/pgfkeysfiltered.code.t
ex
\pgfkeys@tmptoks=\toks32
))
\pgf@x=\dimen171
\pgf@y=\dimen172
\pgf@xa=\dimen173
\pgf@ya=\dimen174
\pgf@xb=\dimen175
\pgf@yb=\dimen176
\pgf@xc=\dimen177
\pgf@yc=\dimen178
\pgf@xd=\dimen179
\pgf@yd=\dimen180
\w@pgf@writea=\write3
\r@pgf@reada=\read3
\c@pgf@counta=\count197
\c@pgf@countb=\count198
\c@pgf@countc=\count199
\c@pgf@countd=\count266
\t@pgf@toka=\toks33
\t@pgf@tokb=\toks34
\t@pgf@tokc=\toks35
\pgf@sys@id@count=\count267
 (/usr/share/texlive/texmf-dist/tex/generic/pgf/systemlayer/pgf.cfg
File: pgf.cfg 2020/01/08 v3.1.5b (3.1.5b)
)
Driver file for pgf: pgfsys-pdftex.def

(/usr/share/texlive/texmf-dist/tex/generic/pgf/systemlayer/pgfsys-pdftex.def
File: pgfsys-pdftex.def 2020/01/08 v3.1.5b (3.1.5b)

(/usr/share/texlive/texmf-dist/tex/generic/pgf/systemlayer/pgfsys-common-pdf.de
f
File: pgfsys-common-pdf.def 2020/01/08 v3.1.5b (3.1.5b)
)))
(/usr/share/texlive/texmf-dist/tex/generic/pgf/systemlayer/pgfsyssoftpath.code.
tex
File: pgfsyssoftpath.code.tex 2020/01/08 v3.1.5b (3.1.5b)
\pgfsyssoftpath@smallbuffer@items=\count268
\pgfsyssoftpath@bigbuffer@items=\count269
)
(/usr/share/texlive/texmf-dist/tex/generic/pgf/systemlayer/pgfsysprotocol.code.
tex
File: pgfsysprotocol.code.tex 2020/01/08 v3.1.5b (3.1.5b)
))
(/usr/share/texlive/texmf-dist/tex/generic/pgf/basiclayer/pgfcore.code.tex
Package: pgfcore 2020/01/08 v3.1.5b (3.1.5b)

(/usr/share/texlive/texmf-dist/tex/generic/pgf/math/pgfmath.code.tex
(/usr/share/texlive/texmf-dist/tex/generic/pgf/math/pgfmathcalc.code.tex
(/usr/share/texlive/texmf-dist/tex/generic/pgf/math/pgfmathutil.code.tex)
(/usr/share/texlive/texmf-dist/tex/generic/pgf/math/pgfmathparser.code.tex
\pgfmath@dimen=\dimen181
\pgfmath@count=\count270
\pgfmath@box=\box52
\pgfmath@toks=\toks36
\pgfmath@stack@operand=\toks37
\pgfmath@stack@operation=\toks38
)
(/usr/share/texlive/texmf-dist/tex/generic/pgf/math/pgfmathfunctions.code.tex
(/usr/share/texlive/texmf-dist/tex/generic/pgf/math/pgfmathfunctions.basic.code
.tex)
(/usr/share/texlive/texmf-dist/tex/generic/pgf/math/pgfmathfunctions.trigonomet
ric.code.tex)
(/usr/share/texlive/texmf-dist/tex/generic/pgf/math/pgfmathfunctions.random.cod
e.tex)
(/usr/share/texlive/texmf-dist/tex/generic/pgf/math/pgfmathfunctions.comparison
.code.tex)
(/usr/share/texlive/texmf-dist/tex/generic/pgf/math/pgfmathfunctions.base.code.
tex)
(/usr/share/texlive/texmf-dist/tex/generic/pgf/math/pgfmathfunctions.round.code
.tex)
(/usr/share/texlive/texmf-dist/tex/generic/pgf/math/pgfmathfunctions.misc.code.
tex)
(/usr/share/texlive/texmf-dist/tex/generic/pgf/math/pgfmathfunctions.integerari
thmetics.code.tex)))
(/usr/share/texlive/texmf-dist/tex/generic/pgf/math/pgfmathfloat.code.tex
\c@pgfmathroundto@lastzeros=\count271
))
(/usr/share/texlive/texmf-dist/tex/generic/pgf/math/pgfint.code.tex)
(/usr/share/texlive/texmf-dist/tex/generic/pgf/basiclayer/pgfcorepoints.code.te
x
File: pgfcorepoints.code.tex 2020/01/08 v3.1.5b (3.1.5b)
\pgf@picminx=\dimen182
\pgf@picmaxx=\dimen183
\pgf@picminy=\dimen184
\pgf@picmaxy=\dimen185
\pgf@pathminx=\dimen186
\pgf@pathmaxx=\dimen187
\pgf@pathminy=\dimen188
\pgf@pathmaxy=\dimen189
\pgf@xx=\dimen190
\pgf@xy=\dimen191
\pgf@yx=\dimen192
\pgf@yy=\dimen193
\pgf@zx=\dimen194
\pgf@zy=\dimen195
)
(/usr/share/texlive/texmf-dist/tex/generic/pgf/basiclayer/pgfcorepathconstruct.
code.tex
File: pgfcorepathconstruct.code.tex 2020/01/08 v3.1.5b (3.1.5b)
\pgf@path@lastx=\dimen196
\pgf@path@lasty=\dimen197
)
(/usr/share/texlive/texmf-dist/tex/generic/pgf/basiclayer/pgfcorepathusage.code
.tex
File: pgfcorepathusage.code.tex 2020/01/08 v3.1.5b (3.1.5b)
\pgf@shorten@end@additional=\dimen198
\pgf@shorten@start@additional=\dimen199
)
(/usr/share/texlive/texmf-dist/tex/generic/pgf/basiclayer/pgfcorescopes.code.te
x
File: pgfcorescopes.code.tex 2020/01/08 v3.1.5b (3.1.5b)
\pgfpic=\box53
\pgf@hbox=\box54
\pgf@layerbox@main=\box55
\pgf@picture@serial@count=\count272
)
(/usr/share/texlive/texmf-dist/tex/generic/pgf/basiclayer/pgfcoregraphicstate.c
ode.tex
File: pgfcoregraphicstate.code.tex 2020/01/08 v3.1.5b (3.1.5b)
\pgflinewidth=\dimen256
)
(/usr/share/texlive/texmf-dist/tex/generic/pgf/basiclayer/pgfcoretransformation
s.code.tex
File: pgfcoretransformations.code.tex 2020/01/08 v3.1.5b (3.1.5b)
\pgf@pt@x=\dimen257
\pgf@pt@y=\dimen258
\pgf@pt@temp=\dimen259
)
(/usr/share/texlive/texmf-dist/tex/generic/pgf/basiclayer/pgfcorequick.code.tex
File: pgfcorequick.code.tex 2020/01/08 v3.1.5b (3.1.5b)
)
(/usr/share/texlive/texmf-dist/tex/generic/pgf/basiclayer/pgfcoreobjects.code.t
ex
File: pgfcoreobjects.code.tex 2020/01/08 v3.1.5b (3.1.5b)
)
(/usr/share/texlive/texmf-dist/tex/generic/pgf/basiclayer/pgfcorepathprocessing
.code.tex
File: pgfcorepathprocessing.code.tex 2020/01/08 v3.1.5b (3.1.5b)
)
(/usr/share/texlive/texmf-dist/tex/generic/pgf/basiclayer/pgfcorearrows.code.te
x
File: pgfcorearrows.code.tex 2020/01/08 v3.1.5b (3.1.5b)
\pgfarrowsep=\dimen260
)
(/usr/share/texlive/texmf-dist/tex/generic/pgf/basiclayer/pgfcoreshade.code.tex
File: pgfcoreshade.code.tex 2020/01/08 v3.1.5b (3.1.5b)
\pgf@max=\dimen261
\pgf@sys@shading@range@num=\count273
\pgf@shadingcount=\count274
)
(/usr/share/texlive/texmf-dist/tex/generic/pgf/basiclayer/pgfcoreimage.code.tex
File: pgfcoreimage.code.tex 2020/01/08 v3.1.5b (3.1.5b)

(/usr/share/texlive/texmf-dist/tex/generic/pgf/basiclayer/pgfcoreexternal.code.
tex
File: pgfcoreexternal.code.tex 2020/01/08 v3.1.5b (3.1.5b)
\pgfexternal@startupbox=\box56
))
(/usr/share/texlive/texmf-dist/tex/generic/pgf/basiclayer/pgfcorelayers.code.te
x
File: pgfcorelayers.code.tex 2020/01/08 v3.1.5b (3.1.5b)
)
(/usr/share/texlive/texmf-dist/tex/generic/pgf/basiclayer/pgfcoretransparency.c
ode.tex
File: pgfcoretransparency.code.tex 2020/01/08 v3.1.5b (3.1.5b)
)
(/usr/share/texlive/texmf-dist/tex/generic/pgf/basiclayer/pgfcorepatterns.code.
tex
File: pgfcorepatterns.code.tex 2020/01/08 v3.1.5b (3.1.5b)
)
(/usr/share/texlive/texmf-dist/tex/generic/pgf/basiclayer/pgfcorerdf.code.tex
File: pgfcorerdf.code.tex 2020/01/08 v3.1.5b (3.1.5b)
)))
(/usr/share/texlive/texmf-dist/tex/generic/pgf/modules/pgfmoduleshapes.code.tex
File: pgfmoduleshapes.code.tex 2020/01/08 v3.1.5b (3.1.5b)
\pgfnodeparttextbox=\box57
) (/usr/share/texlive/texmf-dist/tex/generic/pgf/modules/pgfmoduleplot.code.tex
File: pgfmoduleplot.code.tex 2020/01/08 v3.1.5b (3.1.5b)
)
(/usr/share/texlive/texmf-dist/tex/latex/pgf/compatibility/pgfcomp-version-0-65
.sty
Package: pgfcomp-version-0-65 2020/01/08 v3.1.5b (3.1.5b)
\pgf@nodesepstart=\dimen262
\pgf@nodesepend=\dimen263
)
(/usr/share/texlive/texmf-dist/tex/latex/pgf/compatibility/pgfcomp-version-1-18
.sty
Package: pgfcomp-version-1-18 2020/01/08 v3.1.5b (3.1.5b)
)) (/usr/share/texlive/texmf-dist/tex/latex/pgf/utilities/pgffor.sty
(/usr/share/texlive/texmf-dist/tex/latex/pgf/utilities/pgfkeys.sty
(/usr/share/texlive/texmf-dist/tex/generic/pgf/utilities/pgfkeys.code.tex))
(/usr/share/texlive/texmf-dist/tex/latex/pgf/math/pgfmath.sty
(/usr/share/texlive/texmf-dist/tex/generic/pgf/math/pgfmath.code.tex))
(/usr/share/texlive/texmf-dist/tex/generic/pgf/utilities/pgffor.code.tex
Package: pgffor 2020/01/08 v3.1.5b (3.1.5b)

(/usr/share/texlive/texmf-dist/tex/generic/pgf/math/pgfmath.code.tex)
\pgffor@iter=\dimen264
\pgffor@skip=\dimen265
\pgffor@stack=\toks39
\pgffor@toks=\toks40
))
(/usr/share/texlive/texmf-dist/tex/generic/pgf/frontendlayer/tikz/tikz.code.tex
Package: tikz 2020/01/08 v3.1.5b (3.1.5b)

(/usr/share/texlive/texmf-dist/tex/generic/pgf/libraries/pgflibraryplothandlers
.code.tex
File: pgflibraryplothandlers.code.tex 2020/01/08 v3.1.5b (3.1.5b)
\pgf@plot@mark@count=\count275
\pgfplotmarksize=\dimen266
)
\tikz@lastx=\dimen267
\tikz@lasty=\dimen268
\tikz@lastxsaved=\dimen269
\tikz@lastysaved=\dimen270
\tikz@lastmovetox=\dimen271
\tikz@lastmovetoy=\dimen272
\tikzleveldistance=\dimen273
\tikzsiblingdistance=\dimen274
\tikz@figbox=\box58
\tikz@figbox@bg=\box59
\tikz@tempbox=\box60
\tikz@tempbox@bg=\box61
\tikztreelevel=\count276
\tikznumberofchildren=\count277
\tikznumberofcurrentchild=\count278
\tikz@fig@count=\count279

(/usr/share/texlive/texmf-dist/tex/generic/pgf/modules/pgfmodulematrix.code.tex
File: pgfmodulematrix.code.tex 2020/01/08 v3.1.5b (3.1.5b)
\pgfmatrixcurrentrow=\count280
\pgfmatrixcurrentcolumn=\count281
\pgf@matrix@numberofcolumns=\count282
)
\tikz@expandcount=\count283

(/usr/share/texlive/texmf-dist/tex/generic/pgf/frontendlayer/tikz/libraries/tik
zlibrarytopaths.code.tex
File: tikzlibrarytopaths.code.tex 2020/01/08 v3.1.5b (3.1.5b)
)))
(/usr/share/texlive/texmf-dist/tex/generic/pgf/frontendlayer/tikz/libraries/tik
zlibrarypositioning.code.tex
File: tikzlibrarypositioning.code.tex 2020/01/08 v3.1.5b (3.1.5b)
)
(/usr/share/texlive/texmf-dist/tex/generic/pgf/frontendlayer/tikz/libraries/tik
zlibraryshadows.code.tex
File: tikzlibraryshadows.code.tex 2020/01/08 v3.1.5b (3.1.5b)

(/usr/share/texlive/texmf-dist/tex/generic/pgf/frontendlayer/tikz/libraries/tik
zlibraryfadings.code.tex
File: tikzlibraryfadings.code.tex 2020/01/08 v3.1.5b (3.1.5b)

(/usr/share/texlive/texmf-dist/tex/generic/pgf/libraries/pgflibraryfadings.code
.tex
File: pgflibraryfadings.code.tex 2020/01/08 v3.1.5b (3.1.5b)
))) (/usr/share/texlive/texmf-dist/tex/latex/tools/calc.sty
Package: calc 2017/05/25 v4.3 Infix arithmetic (KKT,FJ)
\calc@Acount=\count284
\calc@Bcount=\count285
\calc@Adimen=\dimen275
\calc@Bdimen=\dimen276
\calc@Askip=\skip52
\calc@Bskip=\skip53
LaTeX Info: Redefining \setlength on input line 80.
LaTeX Info: Redefining \addtolength on input line 81.
\calc@Ccount=\count286
\calc@Cskip=\skip54
)
\c@@todonotes@numberoftodonotes=\count287
)
(/usr/share/texlive/texmf-dist/tex/latex/hyperref/hyperref.sty
Package: hyperref 2020/01/14 v7.00d Hypertext links for LaTeX

(/usr/share/texlive/texmf-dist/tex/generic/ltxcmds/ltxcmds.sty
Package: ltxcmds 2019/12/15 v1.24 LaTeX kernel commands for general use (HO)
)
(/usr/share/texlive/texmf-dist/tex/latex/pdftexcmds/pdftexcmds.sty
Package: pdftexcmds 2019/11/24 v0.31 Utility functions of pdfTeX for LuaTeX (HO
)

(/usr/share/texlive/texmf-dist/tex/generic/infwarerr/infwarerr.sty
Package: infwarerr 2019/12/03 v1.5 Providing info/warning/error messages (HO)
)
Package pdftexcmds Info: \pdf@primitive is available.
Package pdftexcmds Info: \pdf@ifprimitive is available.
Package pdftexcmds Info: \pdfdraftmode found.
)
(/usr/share/texlive/texmf-dist/tex/generic/kvsetkeys/kvsetkeys.sty
Package: kvsetkeys 2019/12/15 v1.18 Key value parser (HO)
)
(/usr/share/texlive/texmf-dist/tex/generic/kvdefinekeys/kvdefinekeys.sty
Package: kvdefinekeys 2019-12-19 v1.6 Define keys (HO)
)
(/usr/share/texlive/texmf-dist/tex/generic/pdfescape/pdfescape.sty
Package: pdfescape 2019/12/09 v1.15 Implements pdfTeX's escape features (HO)
)
(/usr/share/texlive/texmf-dist/tex/latex/hycolor/hycolor.sty
Package: hycolor 2020-01-27 v1.10 Color options for hyperref/bookmark (HO)
)
(/usr/share/texlive/texmf-dist/tex/latex/letltxmacro/letltxmacro.sty
Package: letltxmacro 2019/12/03 v1.6 Let assignment for LaTeX macros (HO)
)
(/usr/share/texlive/texmf-dist/tex/latex/auxhook/auxhook.sty
Package: auxhook 2019-12-17 v1.6 Hooks for auxiliary files (HO)
)
(/usr/share/texlive/texmf-dist/tex/latex/kvoptions/kvoptions.sty
Package: kvoptions 2019/11/29 v3.13 Key value format for package options (HO)
)
\@linkdim=\dimen277
\Hy@linkcounter=\count288
\Hy@pagecounter=\count289

(/usr/share/texlive/texmf-dist/tex/latex/hyperref/pd1enc.def
File: pd1enc.def 2020/01/14 v7.00d Hyperref: PDFDocEncoding definition (HO)
)
(/usr/share/texlive/texmf-dist/tex/generic/intcalc/intcalc.sty
Package: intcalc 2019/12/15 v1.3 Expandable calculations with integers (HO)
)
(/usr/share/texlive/texmf-dist/tex/generic/etexcmds/etexcmds.sty
Package: etexcmds 2019/12/15 v1.7 Avoid name clashes with e-TeX commands (HO)
)
\Hy@SavedSpaceFactor=\count290
\pdfmajorversion=\count291
Package hyperref Info: Option `colorlinks' set `true' on input line 4421.
Package hyperref Info: Hyper figures OFF on input line 4547.
Package hyperref Info: Link nesting OFF on input line 4552.
Package hyperref Info: Hyper index ON on input line 4555.
Package hyperref Info: Plain pages OFF on input line 4562.
Package hyperref Info: Backreferencing OFF on input line 4567.
Package hyperref Info: Implicit mode ON; LaTeX internals redefined.
Package hyperref Info: Bookmarks ON on input line 4800.
\c@Hy@tempcnt=\count292

(/usr/share/texlive/texmf-dist/tex/latex/url/url.sty
\Urlmuskip=\muskip17
Package: url 2013/09/16  ver 3.4  Verb mode for urls, etc.
)
LaTeX Info: Redefining \url on input line 5159.
\XeTeXLinkMargin=\dimen278

(/usr/share/texlive/texmf-dist/tex/generic/bitset/bitset.sty
Package: bitset 2019/12/09 v1.3 Handle bit-vector datatype (HO)

(/usr/share/texlive/texmf-dist/tex/generic/bigintcalc/bigintcalc.sty
Package: bigintcalc 2019/12/15 v1.5 Expandable calculations on big integers (HO
)
))
\Fld@menulength=\count293
\Field@Width=\dimen279
\Fld@charsize=\dimen280
Package hyperref Info: Hyper figures OFF on input line 6430.
Package hyperref Info: Link nesting OFF on input line 6435.
Package hyperref Info: Hyper index ON on input line 6438.
Package hyperref Info: backreferencing OFF on input line 6445.
Package hyperref Info: Link coloring ON on input line 6448.
Package hyperref Info: Link coloring with OCG OFF on input line 6455.
Package hyperref Info: PDF/A mode OFF on input line 6460.
LaTeX Info: Redefining \ref on input line 6500.
LaTeX Info: Redefining \pageref on input line 6504.

(/usr/share/texlive/texmf-dist/tex/generic/atbegshi/atbegshi.sty
Package: atbegshi 2019/12/05 v1.19 At begin shipout hook (HO)
)
\Hy@abspage=\count294
\c@Item=\count295
\c@Hfootnote=\count296
)
Package hyperref Info: Driver (autodetected): hpdftex.

(/usr/share/texlive/texmf-dist/tex/latex/hyperref/hpdftex.def
File: hpdftex.def 2020/01/14 v7.00d Hyperref driver for pdfTeX

(/usr/share/texlive/texmf-dist/tex/latex/atveryend/atveryend.sty
Package: atveryend 2019-12-11 v1.11 Hooks at the very end of document (HO)
Package atveryend Info: \enddocument detected (standard20110627).
)
\Fld@listcount=\count297
\c@bookmark@seq@number=\count298

(/usr/share/texlive/texmf-dist/tex/latex/rerunfilecheck/rerunfilecheck.sty
Package: rerunfilecheck 2019/12/05 v1.9 Rerun checks for auxiliary files (HO)

(/usr/share/texlive/texmf-dist/tex/generic/uniquecounter/uniquecounter.sty
Package: uniquecounter 2019/12/15 v1.4 Provide unlimited unique counter (HO)
)
Package uniquecounter Info: New unique counter `rerunfilecheck' on input line 2
86.
)
\Hy@SectionHShift=\skip55
)
(/usr/share/texlive/texmf-dist/tex/latex/cite/cite.sty
LaTeX Info: Redefining \cite on input line 302.
LaTeX Info: Redefining \nocite on input line 332.
Package: cite 2015/02/27  v 5.5
)
(/usr/share/texlive/texmf-dist/tex/latex/ragged2e/ragged2e.sty
Package: ragged2e 2019/07/28 v2.2 ragged2e Package (MS)

(/usr/share/texlive/texmf-dist/tex/latex/ms/everysel.sty
Package: everysel 2011/10/28 v1.2 EverySelectfont Package (MS)
)
\CenteringLeftskip=\skip56
\RaggedLeftLeftskip=\skip57
\RaggedRightLeftskip=\skip58
\CenteringRightskip=\skip59
\RaggedLeftRightskip=\skip60
\RaggedRightRightskip=\skip61
\CenteringParfillskip=\skip62
\RaggedLeftParfillskip=\skip63
\RaggedRightParfillskip=\skip64
\JustifyingParfillskip=\skip65
\CenteringParindent=\skip66
\RaggedLeftParindent=\skip67
\RaggedRightParindent=\skip68
\JustifyingParindent=\skip69
)
(/usr/share/texlive/texmf-dist/tex/latex/comment/comment.sty
\CommentStream=\write4

Excluding comment 'comment')
(/usr/share/texlive/texmf-dist/tex/latex/lineno/lineno.sty
Package: lineno 2005/11/02 line numbers on paragraphs v4.41
\linenopenalty=\count299
\output=\toks41
\linenoprevgraf=\count300
\linenumbersep=\dimen281
\linenumberwidth=\dimen282
\c@linenumber=\count301
\c@pagewiselinenumber=\count302
\c@LN@truepage=\count303
\c@internallinenumber=\count304
\c@internallinenumbers=\count305
\quotelinenumbersep=\dimen283
\bframerule=\dimen284
\bframesep=\dimen285
\bframebox=\box62
LaTeX Info: Redefining \\ on input line 3056.
)
(/usr/share/texlive/texmf-dist/tex/latex/makecell/makecell.sty
Package: makecell 2009/08/03 V0.1e Managing of Tab Column Heads and Cells

(/usr/share/texlive/texmf-dist/tex/latex/tools/array.sty
Package: array 2019/08/31 v2.4l Tabular extension package (FMi)
\col@sep=\dimen286
\ar@mcellbox=\box63
\extrarowheight=\dimen287
\NC@list=\toks42
\extratabsurround=\skip70
\backup@length=\skip71
\ar@cellbox=\box64
)
\rotheadsize=\dimen288
\c@nlinenum=\count306
\TeXr@lab=\toks43
)
(/usr/share/texlive/texmf-dist/tex/latex/fancyhdr/fancyhdr.sty
Package: fancyhdr 2019/01/31 v3.10 Extensive control of page headers and footer
s
\f@nch@headwidth=\skip72
\f@nch@O@elh=\skip73
\f@nch@O@erh=\skip74
\f@nch@O@olh=\skip75
\f@nch@O@orh=\skip76
\f@nch@O@elf=\skip77
\f@nch@O@erf=\skip78
\f@nch@O@olf=\skip79
\f@nch@O@orf=\skip80
)
(/usr/share/texlive/texmf-dist/tex/latex/import/import.sty
Package: import 2009/03/23  v 5.1
)
Package hyperref Info: Option `colorlinks' set `true' on input line 43.

(/usr/share/texlive/texmf-dist/tex/latex/mathastext/mathastext.sty
Package: mathastext 2019/11/16 v1.3w Use the text font in math mode (JFB)
\mst@exists@muskip=\muskip18
\mst@forall@muskip=\muskip19
\mst@prime@muskip=\muskip20
\mst@do@nonletters=\toks44
\mst@do@easynonletters=\toks45
\mst@do@az=\toks46
\mst@do@AZ=\toks47
\symmtoperatorfont=\mathgroup4
\symmtletterfont=\mathgroup5
\symmtlgrfontlower=\mathgroup6
\symmtlgrfontupper=\mathgroup7

** ! and ?
** punctuation: , . : ; and \colon
LaTeX Info: Redefining \rightarrowfill on input line 790.
LaTeX Info: Redefining \leftarrowfill on input line 795.
** + and =
** adding = ; and + to \nfss@catcodes
** parentheses ( ) [ ] and slash /
** alldelims: < > \backslash \setminus | \vert \mid \{ and \}
LaTeX Font Info:    Redeclaring math delimiter \backslash on input line 932.
LaTeX Font Info:    Redeclaring math symbol \setminus on input line 944.
LaTeX Info: Redefining \models on input line 953.
** \# \mathdollar \% \& 
** \imath and \jmath 
LaTeX Font Info:    Overwriting math alphabet `\mathnormalbold' in version `nor
mal'
(Font)                  T1/cmr/b/n --> T1/cmr/b/n on input line 2140.
LaTeX Font Info:    Overwriting math alphabet `\mathnormalbold' in version `bol
d'
(Font)                  T1/cmr/b/n --> T1/cmr/b/n on input line 2140.
LaTeX Font Info:    Overwriting symbol font `mtletterfont' in version `normal'
(Font)                  T1/cmr/m/n --> T1/cmr/m/n on input line 2140.
LaTeX Font Info:    Overwriting symbol font `mtletterfont' in version `bold'
(Font)                  T1/cmr/m/n --> T1/cmr/b/n on input line 2140.
LaTeX Font Info:    Overwriting symbol font `mtoperatorfont' in version `normal
'
(Font)                  T1/cmr/m/n --> T1/cmr/m/n on input line 2140.
LaTeX Font Info:    Overwriting symbol font `mtoperatorfont' in version `bold'
(Font)                  T1/cmr/m/n --> T1/cmr/b/n on input line 2140.
LaTeX Font Info:    Overwriting math alphabet `\Mathbf' in version `normal'
(Font)                  T1/cmr/b/n --> T1/cmr/b/n on input line 2140.
LaTeX Font Info:    Overwriting math alphabet `\Mathbf' in version `bold'
(Font)                  T1/cmr/b/n --> T1/cmr/b/n on input line 2140.
LaTeX Font Info:    Overwriting math alphabet `\Mathit' in version `normal'
(Font)                  T1/cmr/m/it --> T1/cmr/m/it on input line 2140.
LaTeX Font Info:    Overwriting math alphabet `\Mathit' in version `bold'
(Font)                  T1/cmr/m/it --> T1/cmr/b/it on input line 2140.
LaTeX Font Info:    Overwriting math alphabet `\Mathsf' in version `normal'
(Font)                  T1/cmss/m/n --> T1/cmss/m/n on input line 2140.
LaTeX Font Info:    Overwriting math alphabet `\Mathsf' in version `bold'
(Font)                  T1/cmss/m/n --> T1/cmss/b/n on input line 2140.
LaTeX Font Info:    Overwriting math alphabet `\Mathtt' in version `normal'
(Font)                  T1/cmtt/m/n --> T1/cmtt/m/n on input line 2140.
LaTeX Font Info:    Overwriting math alphabet `\Mathtt' in version `bold'
(Font)                  T1/cmtt/m/n --> T1/cmtt/b/n on input line 2140.
LaTeX Font Info:    Overwriting symbol font `mtlgrfontlower' in version `normal
'
(Font)                  LGR/cmr/m/n --> LGR/cmr/m/n on input line 2140.
LaTeX Font Info:    Overwriting symbol font `mtlgrfontlower' in version `bold'
(Font)                  LGR/cmr/m/n --> LGR/cmr/b/n on input line 2140.
LaTeX Font Info:    Overwriting symbol font `mtlgrfontupper' in version `normal
'
(Font)                  LGR/cmr/m/n --> LGR/cmr/m/n on input line 2140.
LaTeX Font Info:    Overwriting symbol font `mtlgrfontupper' in version `bold'
(Font)                  LGR/cmr/m/n --> LGR/cmr/b/n on input line 2140.
** Latin letters in the normal (resp. bold) math versions are now
** set up to use the fonts T1/cmr/m(b)/n
** Greek letters (n/n) will use LGR/cmr
** Other characters (digits, ...) and \log-like names will be
** typeset with the n shape.
** \hbar
** minus as endash
** \HUGE has been (re)-defined.
** mathastext has declared larger sizes for subscripts.
** To keep LaTeX defaults, use option `defaultmathsizes'.
) (/usr/share/texlive/texmf-dist/tex/latex/etoolbox/etoolbox.sty
Package: etoolbox 2019/09/21 v2.5h e-TeX tools for LaTeX (JAW)
\etb@tempcnta=\count307
)
(/usr/share/texlive/texmf-dist/tex/latex/l3backend/l3backend-pdfmode.def
File: l3backend-pdfmode.def 2020-02-03 L3 backend support: PDF mode
\l__kernel_color_stack_int=\count308
\l__pdf_internal_box=\box65
)
(./apapadop_LightCone_Neutrinos.aux)
\openout1 = `apapadop_LightCone_Neutrinos.aux'.

LaTeX Font Info:    Checking defaults for OML/cmm/m/it on input line 117.
LaTeX Font Info:    ... okay on input line 117.
LaTeX Font Info:    Checking defaults for OMS/cmsy/m/n on input line 117.
LaTeX Font Info:    ... okay on input line 117.
LaTeX Font Info:    Checking defaults for OT1/cmr/m/n on input line 117.
LaTeX Font Info:    ... okay on input line 117.
LaTeX Font Info:    Checking defaults for T1/cmr/m/n on input line 117.
LaTeX Font Info:    ... okay on input line 117.
LaTeX Font Info:    Checking defaults for TS1/cmr/m/n on input line 117.
LaTeX Font Info:    ... okay on input line 117.
LaTeX Font Info:    Checking defaults for OMX/cmex/m/n on input line 117.
LaTeX Font Info:    ... okay on input line 117.
LaTeX Font Info:    Checking defaults for U/cmr/m/n on input line 117.
LaTeX Font Info:    ... okay on input line 117.
LaTeX Font Info:    Checking defaults for PD1/pdf/m/n on input line 117.
LaTeX Font Info:    ... okay on input line 117.
LaTeX Font Info:    Checking defaults for LGR/cmr/m/n on input line 117.
LaTeX Font Info:    Trying to load font information for LGR+cmr on input line 1
17.

(/usr/share/texlive/texmf-dist/tex/latex/cbfonts-fd/lgrcmr.fd
File: lgrcmr.fd 2017/07/29 v1.2 Greek European Computer Regular
)
LaTeX Font Info:    ... okay on input line 117.

(/usr/share/texlive/texmf-dist/tex/context/base/mkii/supp-pdf.mkii
[Loading MPS to PDF converter (version 2006.09.02).]
\scratchcounter=\count309
\scratchdimen=\dimen289
\scratchbox=\box66
\nofMPsegments=\count310
\nofMParguments=\count311
\everyMPshowfont=\toks48
\MPscratchCnt=\count312
\MPscratchDim=\dimen290
\MPnumerator=\count313
\makeMPintoPDFobject=\count314
\everyMPtoPDFconversion=\toks49
) (/usr/share/texlive/texmf-dist/tex/latex/epstopdf-pkg/epstopdf-base.sty
Package: epstopdf-base 2020-01-24 v2.11 Base part for package epstopdf
Package epstopdf-base Info: Redefining graphics rule for `.eps' on input line 4
85.

(/usr/share/texlive/texmf-dist/tex/latex/latexconfig/epstopdf-sys.cfg
File: epstopdf-sys.cfg 2010/07/13 v1.3 Configuration of (r)epstopdf for TeX Liv
e
))
(/usr/share/texlive/texmf-dist/tex/latex/ucs/ucsencs.def
File: ucsencs.def 2011/01/21 Fixes to fontencodings LGR, T3

fontencoding LGR patched
)
*geometry* driver: auto-detecting
*geometry* detected driver: pdftex
*geometry* verbose mode - [ preamble ] result:
* driver: pdftex
* paper: a4paper
* layout: <same size as paper>
* layoutoffset:(h,v)=(0.0pt,0.0pt)
* modes: 
* h-part:(L,W,R)=(82.51282pt, 432.48224pt, 82.51282pt)
* v-part:(T,H,B)=(56.9055pt, 731.23584pt, 56.9055pt)
* \paperwidth=597.50787pt
* \paperheight=845.04684pt
* \textwidth=432.48224pt
* \textheight=731.23584pt
* \oddsidemargin=10.24283pt
* \evensidemargin=10.24283pt
* \topmargin=-52.36449pt
* \headheight=23.0pt
* \headsep=25.0pt
* \topskip=10.0pt
* \footskip=30.0pt
* \marginparwidth=56.9055pt
* \marginparsep=11.0pt
* \columnsep=10.0pt
* \skip\footins=9.0pt plus 4.0pt minus 2.0pt
* \hoffset=0.0pt
* \voffset=0.0pt
* \mag=1000
* \@twocolumnfalse
* \@twosidefalse
* \@mparswitchfalse
* \@reversemarginfalse
* (1in=72.27pt=25.4mm, 1cm=28.453pt)

ABD: EveryShipout initializing macros
\AtBeginShipoutBox=\box67
Package hyperref Info: Link coloring ON on input line 117.

(/usr/share/texlive/texmf-dist/tex/latex/hyperref/nameref.sty
Package: nameref 2019/09/16 v2.46 Cross-referencing by name of section

(/usr/share/texlive/texmf-dist/tex/latex/refcount/refcount.sty
Package: refcount 2019/12/15 v3.6 Data extraction from label references (HO)
)
(/usr/share/texlive/texmf-dist/tex/generic/gettitlestring/gettitlestring.sty
Package: gettitlestring 2019/12/15 v1.6 Cleanup title references (HO)
)
\c@section@level=\count315
)
LaTeX Info: Redefining \ref on input line 117.
LaTeX Info: Redefining \pageref on input line 117.
LaTeX Info: Redefining \nameref on input line 117.

(./apapadop_LightCone_Neutrinos.out) (./apapadop_LightCone_Neutrinos.out)
\@outlinefile=\write5
\openout5 = `apapadop_LightCone_Neutrinos.out'.


ABD: EverySelectfont initializing macros
LaTeX Info: Redefining \selectfont on input line 117.
Package mathastext Info: current meaning of amsmath \resetMathstrut@ saved on i
nput line 117.
LaTeX Font Info:    Trying to load font information for T1+cmss on input line 1
22.

(/usr/share/texlive/texmf-dist/tex/latex/base/t1cmss.fd
File: t1cmss.fd 2019/12/16 v2.5j Standard LaTeX font definitions
)

Package hyperref Warning: Token not allowed in a PDF string (PDFDocEncoding):
(hyperref)                removing `math shift' on input line 122.


Package hyperref Warning: Token not allowed in a PDF string (PDFDocEncoding):
(hyperref)                removing `\nu' on input line 122.


Package hyperref Warning: Token not allowed in a PDF string (PDFDocEncoding):
(hyperref)                removing `math shift' on input line 122.


Package hyperref Warning: Token not allowed in a PDF string (PDFDocEncoding):
(hyperref)                removing `math shift' on input line 124.


Package hyperref Warning: Token not allowed in a PDF string (PDFDocEncoding):
(hyperref)                removing `superscript' on input line 124.


Package hyperref Warning: Token not allowed in a PDF string (PDFDocEncoding):
(hyperref)                removing `math shift' on input line 124.

<../myPlots/LFG_Pn_4He_2261_0.pdf, id=95, 569.12625pt x 412.54124pt>
File: ../myPlots/LFG_Pn_4He_2261_0.pdf Graphic file (type pdf)
<use ../myPlots/LFG_Pn_4He_2261_0.pdf>
Package pdftex.def Info: ../myPlots/LFG_Pn_4He_2261_0.pdf  used on input line 1
25.
(pdftex.def)             Requested size: 211.91867pt x 153.61357pt.
<../myPlots/LFG_Pn_4He_2261_1.pdf, id=96, 569.12625pt x 412.54124pt>
File: ../myPlots/LFG_Pn_4He_2261_1.pdf Graphic file (type pdf)
<use ../myPlots/LFG_Pn_4He_2261_1.pdf>
Package pdftex.def Info: ../myPlots/LFG_Pn_4He_2261_1.pdf  used on input line 1
25.
(pdftex.def)             Requested size: 211.91867pt x 153.61357pt.
<../myPlots/LFG_Pn_4He_2261_2.pdf, id=97, 569.12625pt x 412.54124pt>
File: ../myPlots/LFG_Pn_4He_2261_2.pdf Graphic file (type pdf)
<use ../myPlots/LFG_Pn_4He_2261_2.pdf>
Package pdftex.def Info: ../myPlots/LFG_Pn_4He_2261_2.pdf  used on input line 1
25.
(pdftex.def)             Requested size: 211.91867pt x 153.61357pt.
<../myPlots/PMiss_kMiss_4He_2261_0.pdf, id=98, 569.12625pt x 551.05875pt>
File: ../myPlots/PMiss_kMiss_4He_2261_0.pdf Graphic file (type pdf)
<use ../myPlots/PMiss_kMiss_4He_2261_0.pdf>
Package pdftex.def Info: ../myPlots/PMiss_kMiss_4He_2261_0.pdf  used on input l
ine 125.
(pdftex.def)             Requested size: 211.91867pt x 205.19185pt.
<../myPlots/PMiss_kMiss_4He_2261_1.pdf, id=99, 569.12625pt x 551.05875pt>
File: ../myPlots/PMiss_kMiss_4He_2261_1.pdf Graphic file (type pdf)
<use ../myPlots/PMiss_kMiss_4He_2261_1.pdf>
Package pdftex.def Info: ../myPlots/PMiss_kMiss_4He_2261_1.pdf  used on input l
ine 125.
(pdftex.def)             Requested size: 211.91867pt x 205.19185pt.
<../myPlots/PMiss_kMiss_4He_2261_2.pdf, id=100, 569.12625pt x 551.05875pt>
File: ../myPlots/PMiss_kMiss_4He_2261_2.pdf Graphic file (type pdf)
<use ../myPlots/PMiss_kMiss_4He_2261_2.pdf>
Package pdftex.def Info: ../myPlots/PMiss_kMiss_4He_2261_2.pdf  used on input l
ine 125.
(pdftex.def)             Requested size: 211.91867pt x 205.19185pt.
[1{/var/lib/texmf/fonts/map/pdftex/updmap/pdftex.map}

 <../myPlots/LFG_Pn_4He_2261_0.pdf, page is rotated 90 degrees> <../myPlots/LFG
_Pn_4He_2261_1.pdf, page is rotated 90 degrees> <../myPlots/LFG_Pn_4He_2261_2.p
df, page is rotated 90 degrees>]
<../myPlots/PMiss_4He_2261_0.pdf, id=245, 569.12625pt x 412.54124pt>
File: ../myPlots/PMiss_4He_2261_0.pdf Graphic file (type pdf)
<use ../myPlots/PMiss_4He_2261_0.pdf>
Package pdftex.def Info: ../myPlots/PMiss_4He_2261_0.pdf  used on input line 12
5.
(pdftex.def)             Requested size: 211.91867pt x 153.61357pt.
<../myPlots/PMiss_4He_2261_1.pdf, id=246, 569.12625pt x 412.54124pt>
File: ../myPlots/PMiss_4He_2261_1.pdf Graphic file (type pdf)
<use ../myPlots/PMiss_4He_2261_1.pdf>
Package pdftex.def Info: ../myPlots/PMiss_4He_2261_1.pdf  used on input line 12
5.
(pdftex.def)             Requested size: 211.91867pt x 153.61357pt.
<../myPlots/PMiss_4He_2261_2.pdf, id=247, 569.12625pt x 412.54124pt>
File: ../myPlots/PMiss_4He_2261_2.pdf Graphic file (type pdf)
<use ../myPlots/PMiss_4He_2261_2.pdf>
Package pdftex.def Info: ../myPlots/PMiss_4He_2261_2.pdf  used on input line 12
5.
(pdftex.def)             Requested size: 211.91867pt x 153.61357pt.
<../myPlots/PMiss_4He_2261_3.pdf, id=248, 569.12625pt x 412.54124pt>
File: ../myPlots/PMiss_4He_2261_3.pdf Graphic file (type pdf)
<use ../myPlots/PMiss_4He_2261_3.pdf>
Package pdftex.def Info: ../myPlots/PMiss_4He_2261_3.pdf  used on input line 12
5.
(pdftex.def)             Requested size: 211.91867pt x 153.61357pt.
 [2 <../myPlots/PMiss_kMiss_4He_2261_0.pdf, page is rotated 90 degrees> <../myP
lots/PMiss_kMiss_4He_2261_1.pdf, page is rotated 90 degrees> <../myPlots/PMiss_
kMiss_4He_2261_2.pdf, page is rotated 90 degrees>]
<../myPlots/PMiss_4He_2261_4.pdf, id=383, 569.12625pt x 412.54124pt>
File: ../myPlots/PMiss_4He_2261_4.pdf Graphic file (type pdf)
<use ../myPlots/PMiss_4He_2261_4.pdf>
Package pdftex.def Info: ../myPlots/PMiss_4He_2261_4.pdf  used on input line 12
5.
(pdftex.def)             Requested size: 211.91867pt x 153.61357pt.
<../myPlots/PMiss_4He_2261_5.pdf, id=384, 569.12625pt x 412.54124pt>
File: ../myPlots/PMiss_4He_2261_5.pdf Graphic file (type pdf)
<use ../myPlots/PMiss_4He_2261_5.pdf>
Package pdftex.def Info: ../myPlots/PMiss_4He_2261_5.pdf  used on input line 12
5.
(pdftex.def)             Requested size: 211.91867pt x 153.61357pt.
<../myPlots/PMiss_4He_2261_6.pdf, id=385, 569.12625pt x 412.54124pt>
File: ../myPlots/PMiss_4He_2261_6.pdf Graphic file (type pdf)
<use ../myPlots/PMiss_4He_2261_6.pdf>
Package pdftex.def Info: ../myPlots/PMiss_4He_2261_6.pdf  used on input line 12
5.
(pdftex.def)             Requested size: 211.91867pt x 153.61357pt.
<../myPlots/PMiss_4He_2261_7.pdf, id=386, 569.12625pt x 412.54124pt>
File: ../myPlots/PMiss_4He_2261_7.pdf Graphic file (type pdf)
<use ../myPlots/PMiss_4He_2261_7.pdf>
Package pdftex.def Info: ../myPlots/PMiss_4He_2261_7.pdf  used on input line 12
5.
(pdftex.def)             Requested size: 211.91867pt x 153.61357pt.
<../myPlots/PMiss_4He_2261_8.pdf, id=387, 569.12625pt x 412.54124pt>
File: ../myPlots/PMiss_4He_2261_8.pdf Graphic file (type pdf)
<use ../myPlots/PMiss_4He_2261_8.pdf>
Package pdftex.def Info: ../myPlots/PMiss_4He_2261_8.pdf  used on input line 12
5.
(pdftex.def)             Requested size: 211.91867pt x 153.61357pt.
<../myPlots/PMiss_4He_2261_9.pdf, id=388, 569.12625pt x 412.54124pt>
File: ../myPlots/PMiss_4He_2261_9.pdf Graphic file (type pdf)
<use ../myPlots/PMiss_4He_2261_9.pdf>
Package pdftex.def Info: ../myPlots/PMiss_4He_2261_9.pdf  used on input line 12
5.
(pdftex.def)             Requested size: 211.91867pt x 153.61357pt.
 [3 <../myPlots/PMiss_4He_2261_0.pdf, page is rotated 90 degrees> <../myPlots/P
Miss_4He_2261_1.pdf, page is rotated 90 degrees> <../myPlots/PMiss_4He_2261_2.p
df, page is rotated 90 degrees> <../myPlots/PMiss_4He_2261_3.pdf, page is rotat
ed 90 degrees>]
[4 <../myPlots/PMiss_4He_2261_4.pdf, page is rotated 90 degrees> <../myPlots/PM
iss_4He_2261_5.pdf, page is rotated 90 degrees> <../myPlots/PMiss_4He_2261_6.pd
f, page is rotated 90 degrees> <../myPlots/PMiss_4He_2261_7.pdf, page is rotate
d 90 degrees> <../myPlots/PMiss_4He_2261_8.pdf, page is rotated 90 degrees> <..
/myPlots/PMiss_4He_2261_9.pdf, page is rotated 90 degrees>]

Package hyperref Warning: Token not allowed in a PDF string (PDFDocEncoding):
(hyperref)                removing `math shift' on input line 128.


Package hyperref Warning: Token not allowed in a PDF string (PDFDocEncoding):
(hyperref)                removing `superscript' on input line 128.


Package hyperref Warning: Token not allowed in a PDF string (PDFDocEncoding):
(hyperref)                removing `math shift' on input line 128.

<../myPlots/LFG_Pn_4He_4461_0.pdf, id=831, 569.12625pt x 412.54124pt>
File: ../myPlots/LFG_Pn_4He_4461_0.pdf Graphic file (type pdf)
<use ../myPlots/LFG_Pn_4He_4461_0.pdf>
Package pdftex.def Info: ../myPlots/LFG_Pn_4He_4461_0.pdf  used on input line 1
29.
(pdftex.def)             Requested size: 211.91867pt x 153.61357pt.
<../myPlots/LFG_Pn_4He_4461_1.pdf, id=832, 569.12625pt x 412.54124pt>
File: ../myPlots/LFG_Pn_4He_4461_1.pdf Graphic file (type pdf)
<use ../myPlots/LFG_Pn_4He_4461_1.pdf>
Package pdftex.def Info: ../myPlots/LFG_Pn_4He_4461_1.pdf  used on input line 1
29.
(pdftex.def)             Requested size: 211.91867pt x 153.61357pt.
<../myPlots/LFG_Pn_4He_4461_2.pdf, id=833, 569.12625pt x 412.54124pt>
File: ../myPlots/LFG_Pn_4He_4461_2.pdf Graphic file (type pdf)
<use ../myPlots/LFG_Pn_4He_4461_2.pdf>
Package pdftex.def Info: ../myPlots/LFG_Pn_4He_4461_2.pdf  used on input line 1
29.
(pdftex.def)             Requested size: 211.91867pt x 153.61357pt.
<../myPlots/PMiss_kMiss_4He_4461_0.pdf, id=834, 569.12625pt x 551.05875pt>
File: ../myPlots/PMiss_kMiss_4He_4461_0.pdf Graphic file (type pdf)
<use ../myPlots/PMiss_kMiss_4He_4461_0.pdf>
Package pdftex.def Info: ../myPlots/PMiss_kMiss_4He_4461_0.pdf  used on input l
ine 129.
(pdftex.def)             Requested size: 211.91867pt x 205.19185pt.
<../myPlots/PMiss_kMiss_4He_4461_1.pdf, id=835, 569.12625pt x 551.05875pt>
File: ../myPlots/PMiss_kMiss_4He_4461_1.pdf Graphic file (type pdf)
<use ../myPlots/PMiss_kMiss_4He_4461_1.pdf>
Package pdftex.def Info: ../myPlots/PMiss_kMiss_4He_4461_1.pdf  used on input l
ine 129.
(pdftex.def)             Requested size: 211.91867pt x 205.19185pt.
<../myPlots/PMiss_kMiss_4He_4461_2.pdf, id=836, 569.12625pt x 551.05875pt>
File: ../myPlots/PMiss_kMiss_4He_4461_2.pdf Graphic file (type pdf)
<use ../myPlots/PMiss_kMiss_4He_4461_2.pdf>
Package pdftex.def Info: ../myPlots/PMiss_kMiss_4He_4461_2.pdf  used on input l
ine 129.
(pdftex.def)             Requested size: 211.91867pt x 205.19185pt.
[5

 <../myPlots/LFG_Pn_4He_4461_0.pdf, page is rotated 90 degrees> <../myPlots/LFG
_Pn_4He_4461_1.pdf, page is rotated 90 degrees> <../myPlots/LFG_Pn_4He_4461_2.p
df, page is rotated 90 degrees>]
<../myPlots/PMiss_4He_4461_0.pdf, id=972, 569.12625pt x 412.54124pt>
File: ../myPlots/PMiss_4He_4461_0.pdf Graphic file (type pdf)
<use ../myPlots/PMiss_4He_4461_0.pdf>
Package pdftex.def Info: ../myPlots/PMiss_4He_4461_0.pdf  used on input line 12
9.
(pdftex.def)             Requested size: 211.91867pt x 153.61357pt.
<../myPlots/PMiss_4He_4461_1.pdf, id=973, 569.12625pt x 412.54124pt>
File: ../myPlots/PMiss_4He_4461_1.pdf Graphic file (type pdf)
<use ../myPlots/PMiss_4He_4461_1.pdf>
Package pdftex.def Info: ../myPlots/PMiss_4He_4461_1.pdf  used on input line 12
9.
(pdftex.def)             Requested size: 211.91867pt x 153.61357pt.
<../myPlots/PMiss_4He_4461_2.pdf, id=974, 569.12625pt x 412.54124pt>
File: ../myPlots/PMiss_4He_4461_2.pdf Graphic file (type pdf)
<use ../myPlots/PMiss_4He_4461_2.pdf>
Package pdftex.def Info: ../myPlots/PMiss_4He_4461_2.pdf  used on input line 12
9.
(pdftex.def)             Requested size: 211.91867pt x 153.61357pt.
<../myPlots/PMiss_4He_4461_3.pdf, id=975, 569.12625pt x 412.54124pt>
File: ../myPlots/PMiss_4He_4461_3.pdf Graphic file (type pdf)
<use ../myPlots/PMiss_4He_4461_3.pdf>
Package pdftex.def Info: ../myPlots/PMiss_4He_4461_3.pdf  used on input line 12
9.
(pdftex.def)             Requested size: 211.91867pt x 153.61357pt.
 [6 <../myPlots/PMiss_kMiss_4He_4461_0.pdf, page is rotated 90 degrees> <../myP
lots/PMiss_kMiss_4He_4461_1.pdf, page is rotated 90 degrees> <../myPlots/PMiss_
kMiss_4He_4461_2.pdf, page is rotated 90 degrees>]
<../myPlots/PMiss_4He_4461_4.pdf, id=1110, 569.12625pt x 412.54124pt>
File: ../myPlots/PMiss_4He_4461_4.pdf Graphic file (type pdf)
<use ../myPlots/PMiss_4He_4461_4.pdf>
Package pdftex.def Info: ../myPlots/PMiss_4He_4461_4.pdf  used on input line 12
9.
(pdftex.def)             Requested size: 211.91867pt x 153.61357pt.
<../myPlots/PMiss_4He_4461_5.pdf, id=1111, 569.12625pt x 412.54124pt>
File: ../myPlots/PMiss_4He_4461_5.pdf Graphic file (type pdf)
<use ../myPlots/PMiss_4He_4461_5.pdf>
Package pdftex.def Info: ../myPlots/PMiss_4He_4461_5.pdf  used on input line 12
9.
(pdftex.def)             Requested size: 211.91867pt x 153.61357pt.
<../myPlots/PMiss_4He_4461_6.pdf, id=1112, 569.12625pt x 412.54124pt>
File: ../myPlots/PMiss_4He_4461_6.pdf Graphic file (type pdf)
<use ../myPlots/PMiss_4He_4461_6.pdf>
Package pdftex.def Info: ../myPlots/PMiss_4He_4461_6.pdf  used on input line 12
9.
(pdftex.def)             Requested size: 211.91867pt x 153.61357pt.
<../myPlots/PMiss_4He_4461_7.pdf, id=1113, 569.12625pt x 412.54124pt>
File: ../myPlots/PMiss_4He_4461_7.pdf Graphic file (type pdf)
<use ../myPlots/PMiss_4He_4461_7.pdf>
Package pdftex.def Info: ../myPlots/PMiss_4He_4461_7.pdf  used on input line 12
9.
(pdftex.def)             Requested size: 211.91867pt x 153.61357pt.
<../myPlots/PMiss_4He_4461_8.pdf, id=1114, 569.12625pt x 412.54124pt>
File: ../myPlots/PMiss_4He_4461_8.pdf Graphic file (type pdf)
<use ../myPlots/PMiss_4He_4461_8.pdf>
Package pdftex.def Info: ../myPlots/PMiss_4He_4461_8.pdf  used on input line 12
9.
(pdftex.def)             Requested size: 211.91867pt x 153.61357pt.
<../myPlots/PMiss_4He_4461_9.pdf, id=1115, 569.12625pt x 412.54124pt>
File: ../myPlots/PMiss_4He_4461_9.pdf Graphic file (type pdf)
<use ../myPlots/PMiss_4He_4461_9.pdf>
Package pdftex.def Info: ../myPlots/PMiss_4He_4461_9.pdf  used on input line 12
9.
(pdftex.def)             Requested size: 211.91867pt x 153.61357pt.
 [7 <../myPlots/PMiss_4He_4461_0.pdf, page is rotated 90 degrees> <../myPlots/P
Miss_4He_4461_1.pdf, page is rotated 90 degrees> <../myPlots/PMiss_4He_4461_2.p
df, page is rotated 90 degrees> <../myPlots/PMiss_4He_4461_3.pdf, page is rotat
ed 90 degrees>] [8 <../myPlots/PMiss_4He_4461_4.pdf, page is rotated 90 degrees
> <../myPlots/PMiss_4He_4461_5.pdf, page is rotated 90 degrees> <../myPlots/PMi
ss_4He_4461_6.pdf, page is rotated 90 degrees> <../myPlots/PMiss_4He_4461_7.pdf
, page is rotated 90 degrees> <../myPlots/PMiss_4He_4461_8.pdf, page is rotated
 90 degrees> <../myPlots/PMiss_4He_4461_9.pdf, page is rotated 90 degrees>]

Package hyperref Warning: Token not allowed in a PDF string (PDFDocEncoding):
(hyperref)                removing `math shift' on input line 132.


Package hyperref Warning: Token not allowed in a PDF string (PDFDocEncoding):
(hyperref)                removing `superscript' on input line 132.


Package hyperref Warning: Token not allowed in a PDF string (PDFDocEncoding):
(hyperref)                removing `math shift' on input line 132.

<../myPlots/LFG_Pn_C12_1161_0.pdf, id=1559, 569.12625pt x 412.54124pt>
File: ../myPlots/LFG_Pn_C12_1161_0.pdf Graphic file (type pdf)
<use ../myPlots/LFG_Pn_C12_1161_0.pdf>
Package pdftex.def Info: ../myPlots/LFG_Pn_C12_1161_0.pdf  used on input line 1
33.
(pdftex.def)             Requested size: 211.91867pt x 153.61357pt.
<../myPlots/LFG_Pn_C12_1161_1.pdf, id=1560, 569.12625pt x 412.54124pt>
File: ../myPlots/LFG_Pn_C12_1161_1.pdf Graphic file (type pdf)
<use ../myPlots/LFG_Pn_C12_1161_1.pdf>
Package pdftex.def Info: ../myPlots/LFG_Pn_C12_1161_1.pdf  used on input line 1
33.
(pdftex.def)             Requested size: 211.91867pt x 153.61357pt.
<../myPlots/LFG_Pn_C12_1161_2.pdf, id=1561, 569.12625pt x 412.54124pt>
File: ../myPlots/LFG_Pn_C12_1161_2.pdf Graphic file (type pdf)
<use ../myPlots/LFG_Pn_C12_1161_2.pdf>
Package pdftex.def Info: ../myPlots/LFG_Pn_C12_1161_2.pdf  used on input line 1
33.
(pdftex.def)             Requested size: 211.91867pt x 153.61357pt.
<../myPlots/PMiss_kMiss_C12_1161_0.pdf, id=1562, 569.12625pt x 551.05875pt>
File: ../myPlots/PMiss_kMiss_C12_1161_0.pdf Graphic file (type pdf)
<use ../myPlots/PMiss_kMiss_C12_1161_0.pdf>
Package pdftex.def Info: ../myPlots/PMiss_kMiss_C12_1161_0.pdf  used on input l
ine 133.
(pdftex.def)             Requested size: 211.91867pt x 205.19185pt.
<../myPlots/PMiss_kMiss_C12_1161_1.pdf, id=1563, 569.12625pt x 551.05875pt>
File: ../myPlots/PMiss_kMiss_C12_1161_1.pdf Graphic file (type pdf)
<use ../myPlots/PMiss_kMiss_C12_1161_1.pdf>
Package pdftex.def Info: ../myPlots/PMiss_kMiss_C12_1161_1.pdf  used on input l
ine 133.
(pdftex.def)             Requested size: 211.91867pt x 205.19185pt.
<../myPlots/PMiss_kMiss_C12_1161_2.pdf, id=1564, 569.12625pt x 551.05875pt>
File: ../myPlots/PMiss_kMiss_C12_1161_2.pdf Graphic file (type pdf)
<use ../myPlots/PMiss_kMiss_C12_1161_2.pdf>
Package pdftex.def Info: ../myPlots/PMiss_kMiss_C12_1161_2.pdf  used on input l
ine 133.
(pdftex.def)             Requested size: 211.91867pt x 205.19185pt.
[9

 <../myPlots/LFG_Pn_C12_1161_0.pdf, page is rotated 90 degrees> <../myPlots/LFG
_Pn_C12_1161_1.pdf, page is rotated 90 degrees> <../myPlots/LFG_Pn_C12_1161_2.p
df, page is rotated 90 degrees>]
<../myPlots/PMiss_C12_1161_0.pdf, id=1700, 569.12625pt x 412.54124pt>
File: ../myPlots/PMiss_C12_1161_0.pdf Graphic file (type pdf)
<use ../myPlots/PMiss_C12_1161_0.pdf>
Package pdftex.def Info: ../myPlots/PMiss_C12_1161_0.pdf  used on input line 13
3.
(pdftex.def)             Requested size: 211.91867pt x 153.61357pt.
<../myPlots/PMiss_C12_1161_1.pdf, id=1701, 569.12625pt x 412.54124pt>
File: ../myPlots/PMiss_C12_1161_1.pdf Graphic file (type pdf)
<use ../myPlots/PMiss_C12_1161_1.pdf>
Package pdftex.def Info: ../myPlots/PMiss_C12_1161_1.pdf  used on input line 13
3.
(pdftex.def)             Requested size: 211.91867pt x 153.61357pt.
<../myPlots/PMiss_C12_1161_2.pdf, id=1702, 569.12625pt x 412.54124pt>
File: ../myPlots/PMiss_C12_1161_2.pdf Graphic file (type pdf)
<use ../myPlots/PMiss_C12_1161_2.pdf>
Package pdftex.def Info: ../myPlots/PMiss_C12_1161_2.pdf  used on input line 13
3.
(pdftex.def)             Requested size: 211.91867pt x 153.61357pt.
<../myPlots/PMiss_C12_1161_3.pdf, id=1703, 569.12625pt x 412.54124pt>
File: ../myPlots/PMiss_C12_1161_3.pdf Graphic file (type pdf)
<use ../myPlots/PMiss_C12_1161_3.pdf>
Package pdftex.def Info: ../myPlots/PMiss_C12_1161_3.pdf  used on input line 13
3.
(pdftex.def)             Requested size: 211.91867pt x 153.61357pt.
 [10 <../myPlots/PMiss_kMiss_C12_1161_0.pdf, page is rotated 90 degrees> <../my
Plots/PMiss_kMiss_C12_1161_1.pdf, page is rotated 90 degrees> <../myPlots/PMiss
_kMiss_C12_1161_2.pdf, page is rotated 90 degrees>]
<../myPlots/PMiss_C12_1161_4.pdf, id=1838, 569.12625pt x 412.54124pt>
File: ../myPlots/PMiss_C12_1161_4.pdf Graphic file (type pdf)
<use ../myPlots/PMiss_C12_1161_4.pdf>
Package pdftex.def Info: ../myPlots/PMiss_C12_1161_4.pdf  used on input line 13
3.
(pdftex.def)             Requested size: 211.91867pt x 153.61357pt.
<../myPlots/PMiss_C12_1161_5.pdf, id=1839, 569.12625pt x 412.54124pt>
File: ../myPlots/PMiss_C12_1161_5.pdf Graphic file (type pdf)
<use ../myPlots/PMiss_C12_1161_5.pdf>
Package pdftex.def Info: ../myPlots/PMiss_C12_1161_5.pdf  used on input line 13
3.
(pdftex.def)             Requested size: 211.91867pt x 153.61357pt.
<../myPlots/PMiss_C12_1161_6.pdf, id=1840, 569.12625pt x 412.54124pt>
File: ../myPlots/PMiss_C12_1161_6.pdf Graphic file (type pdf)
<use ../myPlots/PMiss_C12_1161_6.pdf>
Package pdftex.def Info: ../myPlots/PMiss_C12_1161_6.pdf  used on input line 13
3.
(pdftex.def)             Requested size: 211.91867pt x 153.61357pt.
<../myPlots/PMiss_C12_1161_7.pdf, id=1841, 569.12625pt x 412.54124pt>
File: ../myPlots/PMiss_C12_1161_7.pdf Graphic file (type pdf)
<use ../myPlots/PMiss_C12_1161_7.pdf>
Package pdftex.def Info: ../myPlots/PMiss_C12_1161_7.pdf  used on input line 13
3.
(pdftex.def)             Requested size: 211.91867pt x 153.61357pt.
<../myPlots/PMiss_C12_1161_8.pdf, id=1842, 569.12625pt x 412.54124pt>
File: ../myPlots/PMiss_C12_1161_8.pdf Graphic file (type pdf)
<use ../myPlots/PMiss_C12_1161_8.pdf>
Package pdftex.def Info: ../myPlots/PMiss_C12_1161_8.pdf  used on input line 13
3.
(pdftex.def)             Requested size: 211.91867pt x 153.61357pt.
<../myPlots/PMiss_C12_1161_9.pdf, id=1843, 569.12625pt x 412.54124pt>
File: ../myPlots/PMiss_C12_1161_9.pdf Graphic file (type pdf)
<use ../myPlots/PMiss_C12_1161_9.pdf>
Package pdftex.def Info: ../myPlots/PMiss_C12_1161_9.pdf  used on input line 13
3.
(pdftex.def)             Requested size: 211.91867pt x 153.61357pt.
 [11 <../myPlots/PMiss_C12_1161_0.pdf, page is rotated 90 degrees> <../myPlots/
PMiss_C12_1161_1.pdf, page is rotated 90 degrees> <../myPlots/PMiss_C12_1161_2.
pdf, page is rotated 90 degrees> <../myPlots/PMiss_C12_1161_3.pdf, page is rota
ted 90 degrees>] [12 <../myPlots/PMiss_C12_1161_4.pdf, page is rotated 90 degre
es> <../myPlots/PMiss_C12_1161_5.pdf, page is rotated 90 degrees> <../myPlots/P
Miss_C12_1161_6.pdf, page is rotated 90 degrees> <../myPlots/PMiss_C12_1161_7.p
df, page is rotated 90 degrees> <../myPlots/PMiss_C12_1161_8.pdf, page is rotat
ed 90 degrees> <../myPlots/PMiss_C12_1161_9.pdf, page is rotated 90 degrees>]

Package hyperref Warning: Token not allowed in a PDF string (PDFDocEncoding):
(hyperref)                removing `math shift' on input line 136.


Package hyperref Warning: Token not allowed in a PDF string (PDFDocEncoding):
(hyperref)                removing `superscript' on input line 136.


Package hyperref Warning: Token not allowed in a PDF string (PDFDocEncoding):
(hyperref)                removing `math shift' on input line 136.

<../myPlots/LFG_Pn_C12_2261_0.pdf, id=2286, 569.12625pt x 412.54124pt>
File: ../myPlots/LFG_Pn_C12_2261_0.pdf Graphic file (type pdf)
<use ../myPlots/LFG_Pn_C12_2261_0.pdf>
Package pdftex.def Info: ../myPlots/LFG_Pn_C12_2261_0.pdf  used on input line 1
37.
(pdftex.def)             Requested size: 211.91867pt x 153.61357pt.
<../myPlots/LFG_Pn_C12_2261_1.pdf, id=2287, 569.12625pt x 412.54124pt>
File: ../myPlots/LFG_Pn_C12_2261_1.pdf Graphic file (type pdf)
<use ../myPlots/LFG_Pn_C12_2261_1.pdf>
Package pdftex.def Info: ../myPlots/LFG_Pn_C12_2261_1.pdf  used on input line 1
37.
(pdftex.def)             Requested size: 211.91867pt x 153.61357pt.
<../myPlots/LFG_Pn_C12_2261_2.pdf, id=2288, 569.12625pt x 412.54124pt>
File: ../myPlots/LFG_Pn_C12_2261_2.pdf Graphic file (type pdf)
<use ../myPlots/LFG_Pn_C12_2261_2.pdf>
Package pdftex.def Info: ../myPlots/LFG_Pn_C12_2261_2.pdf  used on input line 1
37.
(pdftex.def)             Requested size: 211.91867pt x 153.61357pt.
<../myPlots/PMiss_kMiss_C12_2261_0.pdf, id=2289, 569.12625pt x 551.05875pt>
File: ../myPlots/PMiss_kMiss_C12_2261_0.pdf Graphic file (type pdf)
<use ../myPlots/PMiss_kMiss_C12_2261_0.pdf>
Package pdftex.def Info: ../myPlots/PMiss_kMiss_C12_2261_0.pdf  used on input l
ine 137.
(pdftex.def)             Requested size: 211.91867pt x 205.19185pt.
<../myPlots/PMiss_kMiss_C12_2261_1.pdf, id=2290, 569.12625pt x 551.05875pt>
File: ../myPlots/PMiss_kMiss_C12_2261_1.pdf Graphic file (type pdf)
<use ../myPlots/PMiss_kMiss_C12_2261_1.pdf>
Package pdftex.def Info: ../myPlots/PMiss_kMiss_C12_2261_1.pdf  used on input l
ine 137.
(pdftex.def)             Requested size: 211.91867pt x 205.19185pt.
<../myPlots/PMiss_kMiss_C12_2261_2.pdf, id=2291, 569.12625pt x 551.05875pt>
File: ../myPlots/PMiss_kMiss_C12_2261_2.pdf Graphic file (type pdf)
<use ../myPlots/PMiss_kMiss_C12_2261_2.pdf>
Package pdftex.def Info: ../myPlots/PMiss_kMiss_C12_2261_2.pdf  used on input l
ine 137.
(pdftex.def)             Requested size: 211.91867pt x 205.19185pt.
[13

 <../myPlots/LFG_Pn_C12_2261_0.pdf, page is rotated 90 degrees> <../myPlots/LFG
_Pn_C12_2261_1.pdf, page is rotated 90 degrees> <../myPlots/LFG_Pn_C12_2261_2.p
df, page is rotated 90 degrees>]
<../myPlots/PMiss_C12_2261_0.pdf, id=2428, 569.12625pt x 412.54124pt>
File: ../myPlots/PMiss_C12_2261_0.pdf Graphic file (type pdf)
<use ../myPlots/PMiss_C12_2261_0.pdf>
Package pdftex.def Info: ../myPlots/PMiss_C12_2261_0.pdf  used on input line 13
7.
(pdftex.def)             Requested size: 211.91867pt x 153.61357pt.
<../myPlots/PMiss_C12_2261_1.pdf, id=2429, 569.12625pt x 412.54124pt>
File: ../myPlots/PMiss_C12_2261_1.pdf Graphic file (type pdf)
<use ../myPlots/PMiss_C12_2261_1.pdf>
Package pdftex.def Info: ../myPlots/PMiss_C12_2261_1.pdf  used on input line 13
7.
(pdftex.def)             Requested size: 211.91867pt x 153.61357pt.
<../myPlots/PMiss_C12_2261_2.pdf, id=2430, 569.12625pt x 412.54124pt>
File: ../myPlots/PMiss_C12_2261_2.pdf Graphic file (type pdf)
<use ../myPlots/PMiss_C12_2261_2.pdf>
Package pdftex.def Info: ../myPlots/PMiss_C12_2261_2.pdf  used on input line 13
7.
(pdftex.def)             Requested size: 211.91867pt x 153.61357pt.
<../myPlots/PMiss_C12_2261_3.pdf, id=2431, 569.12625pt x 412.54124pt>
File: ../myPlots/PMiss_C12_2261_3.pdf Graphic file (type pdf)
<use ../myPlots/PMiss_C12_2261_3.pdf>
Package pdftex.def Info: ../myPlots/PMiss_C12_2261_3.pdf  used on input line 13
7.
(pdftex.def)             Requested size: 211.91867pt x 153.61357pt.
 [14 <../myPlots/PMiss_kMiss_C12_2261_0.pdf, page is rotated 90 degrees> <../my
Plots/PMiss_kMiss_C12_2261_1.pdf, page is rotated 90 degrees> <../myPlots/PMiss
_kMiss_C12_2261_2.pdf, page is rotated 90 degrees>]
<../myPlots/PMiss_C12_2261_4.pdf, id=2566, 569.12625pt x 412.54124pt>
File: ../myPlots/PMiss_C12_2261_4.pdf Graphic file (type pdf)
<use ../myPlots/PMiss_C12_2261_4.pdf>
Package pdftex.def Info: ../myPlots/PMiss_C12_2261_4.pdf  used on input line 13
7.
(pdftex.def)             Requested size: 211.91867pt x 153.61357pt.
<../myPlots/PMiss_C12_2261_5.pdf, id=2567, 569.12625pt x 412.54124pt>
File: ../myPlots/PMiss_C12_2261_5.pdf Graphic file (type pdf)
<use ../myPlots/PMiss_C12_2261_5.pdf>
Package pdftex.def Info: ../myPlots/PMiss_C12_2261_5.pdf  used on input line 13
7.
(pdftex.def)             Requested size: 211.91867pt x 153.61357pt.
<../myPlots/PMiss_C12_2261_6.pdf, id=2568, 569.12625pt x 412.54124pt>
File: ../myPlots/PMiss_C12_2261_6.pdf Graphic file (type pdf)
<use ../myPlots/PMiss_C12_2261_6.pdf>
Package pdftex.def Info: ../myPlots/PMiss_C12_2261_6.pdf  used on input line 13
7.
(pdftex.def)             Requested size: 211.91867pt x 153.61357pt.
<../myPlots/PMiss_C12_2261_7.pdf, id=2569, 569.12625pt x 412.54124pt>
File: ../myPlots/PMiss_C12_2261_7.pdf Graphic file (type pdf)
<use ../myPlots/PMiss_C12_2261_7.pdf>
Package pdftex.def Info: ../myPlots/PMiss_C12_2261_7.pdf  used on input line 13
7.
(pdftex.def)             Requested size: 211.91867pt x 153.61357pt.
<../myPlots/PMiss_C12_2261_8.pdf, id=2570, 569.12625pt x 412.54124pt>
File: ../myPlots/PMiss_C12_2261_8.pdf Graphic file (type pdf)
<use ../myPlots/PMiss_C12_2261_8.pdf>
Package pdftex.def Info: ../myPlots/PMiss_C12_2261_8.pdf  used on input line 13
7.
(pdftex.def)             Requested size: 211.91867pt x 153.61357pt.
<../myPlots/PMiss_C12_2261_9.pdf, id=2571, 569.12625pt x 412.54124pt>
File: ../myPlots/PMiss_C12_2261_9.pdf Graphic file (type pdf)
<use ../myPlots/PMiss_C12_2261_9.pdf>
Package pdftex.def Info: ../myPlots/PMiss_C12_2261_9.pdf  used on input line 13
7.
(pdftex.def)             Requested size: 211.91867pt x 153.61357pt.
 [15 <../myPlots/PMiss_C12_2261_0.pdf, page is rotated 90 degrees> <../myPlots/
PMiss_C12_2261_1.pdf, page is rotated 90 degrees> <../myPlots/PMiss_C12_2261_2.
pdf, page is rotated 90 degrees> <../myPlots/PMiss_C12_2261_3.pdf, page is rota
ted 90 degrees>] [16 <../myPlots/PMiss_C12_2261_4.pdf, page is rotated 90 degre
es> <../myPlots/PMiss_C12_2261_5.pdf, page is rotated 90 degrees> <../myPlots/P
Miss_C12_2261_6.pdf, page is rotated 90 degrees> <../myPlots/PMiss_C12_2261_7.p
df, page is rotated 90 degrees> <../myPlots/PMiss_C12_2261_8.pdf, page is rotat
ed 90 degrees> <../myPlots/PMiss_C12_2261_9.pdf, page is rotated 90 degrees>]

Package hyperref Warning: Token not allowed in a PDF string (PDFDocEncoding):
(hyperref)                removing `math shift' on input line 140.


Package hyperref Warning: Token not allowed in a PDF string (PDFDocEncoding):
(hyperref)                removing `superscript' on input line 140.


Package hyperref Warning: Token not allowed in a PDF string (PDFDocEncoding):
(hyperref)                removing `math shift' on input line 140.

<../myPlots/LFG_Pn_C12_4461_0.pdf, id=3014, 569.12625pt x 412.54124pt>
File: ../myPlots/LFG_Pn_C12_4461_0.pdf Graphic file (type pdf)
<use ../myPlots/LFG_Pn_C12_4461_0.pdf>
Package pdftex.def Info: ../myPlots/LFG_Pn_C12_4461_0.pdf  used on input line 1
41.
(pdftex.def)             Requested size: 211.91867pt x 153.61357pt.
<../myPlots/LFG_Pn_C12_4461_1.pdf, id=3015, 569.12625pt x 412.54124pt>
File: ../myPlots/LFG_Pn_C12_4461_1.pdf Graphic file (type pdf)
<use ../myPlots/LFG_Pn_C12_4461_1.pdf>
Package pdftex.def Info: ../myPlots/LFG_Pn_C12_4461_1.pdf  used on input line 1
41.
(pdftex.def)             Requested size: 211.91867pt x 153.61357pt.
<../myPlots/LFG_Pn_C12_4461_2.pdf, id=3016, 569.12625pt x 412.54124pt>
File: ../myPlots/LFG_Pn_C12_4461_2.pdf Graphic file (type pdf)
<use ../myPlots/LFG_Pn_C12_4461_2.pdf>
Package pdftex.def Info: ../myPlots/LFG_Pn_C12_4461_2.pdf  used on input line 1
41.
(pdftex.def)             Requested size: 211.91867pt x 153.61357pt.
<../myPlots/PMiss_kMiss_C12_4461_0.pdf, id=3017, 569.12625pt x 551.05875pt>
File: ../myPlots/PMiss_kMiss_C12_4461_0.pdf Graphic file (type pdf)
<use ../myPlots/PMiss_kMiss_C12_4461_0.pdf>
Package pdftex.def Info: ../myPlots/PMiss_kMiss_C12_4461_0.pdf  used on input l
ine 141.
(pdftex.def)             Requested size: 211.91867pt x 205.19185pt.
<../myPlots/PMiss_kMiss_C12_4461_1.pdf, id=3018, 569.12625pt x 551.05875pt>
File: ../myPlots/PMiss_kMiss_C12_4461_1.pdf Graphic file (type pdf)
<use ../myPlots/PMiss_kMiss_C12_4461_1.pdf>
Package pdftex.def Info: ../myPlots/PMiss_kMiss_C12_4461_1.pdf  used on input l
ine 141.
(pdftex.def)             Requested size: 211.91867pt x 205.19185pt.
<../myPlots/PMiss_kMiss_C12_4461_2.pdf, id=3019, 569.12625pt x 551.05875pt>
File: ../myPlots/PMiss_kMiss_C12_4461_2.pdf Graphic file (type pdf)
<use ../myPlots/PMiss_kMiss_C12_4461_2.pdf>
Package pdftex.def Info: ../myPlots/PMiss_kMiss_C12_4461_2.pdf  used on input l
ine 141.
(pdftex.def)             Requested size: 211.91867pt x 205.19185pt.
[17

 <../myPlots/LFG_Pn_C12_4461_0.pdf, page is rotated 90 degrees> <../myPlots/LFG
_Pn_C12_4461_1.pdf, page is rotated 90 degrees> <../myPlots/LFG_Pn_C12_4461_2.p
df, page is rotated 90 degrees>]
<../myPlots/PMiss_C12_4461_0.pdf, id=3155, 569.12625pt x 412.54124pt>
File: ../myPlots/PMiss_C12_4461_0.pdf Graphic file (type pdf)
<use ../myPlots/PMiss_C12_4461_0.pdf>
Package pdftex.def Info: ../myPlots/PMiss_C12_4461_0.pdf  used on input line 14
1.
(pdftex.def)             Requested size: 211.91867pt x 153.61357pt.
<../myPlots/PMiss_C12_4461_1.pdf, id=3156, 569.12625pt x 412.54124pt>
File: ../myPlots/PMiss_C12_4461_1.pdf Graphic file (type pdf)
<use ../myPlots/PMiss_C12_4461_1.pdf>
Package pdftex.def Info: ../myPlots/PMiss_C12_4461_1.pdf  used on input line 14
1.
(pdftex.def)             Requested size: 211.91867pt x 153.61357pt.
<../myPlots/PMiss_C12_4461_2.pdf, id=3157, 569.12625pt x 412.54124pt>
File: ../myPlots/PMiss_C12_4461_2.pdf Graphic file (type pdf)
<use ../myPlots/PMiss_C12_4461_2.pdf>
Package pdftex.def Info: ../myPlots/PMiss_C12_4461_2.pdf  used on input line 14
1.
(pdftex.def)             Requested size: 211.91867pt x 153.61357pt.
<../myPlots/PMiss_C12_4461_3.pdf, id=3158, 569.12625pt x 412.54124pt>
File: ../myPlots/PMiss_C12_4461_3.pdf Graphic file (type pdf)
<use ../myPlots/PMiss_C12_4461_3.pdf>
Package pdftex.def Info: ../myPlots/PMiss_C12_4461_3.pdf  used on input line 14
1.
(pdftex.def)             Requested size: 211.91867pt x 153.61357pt.
 [18 <../myPlots/PMiss_kMiss_C12_4461_0.pdf, page is rotated 90 degrees> <../my
Plots/PMiss_kMiss_C12_4461_1.pdf, page is rotated 90 degrees> <../myPlots/PMiss
_kMiss_C12_4461_2.pdf, page is rotated 90 degrees>]
<../myPlots/PMiss_C12_4461_4.pdf, id=3293, 569.12625pt x 412.54124pt>
File: ../myPlots/PMiss_C12_4461_4.pdf Graphic file (type pdf)
<use ../myPlots/PMiss_C12_4461_4.pdf>
Package pdftex.def Info: ../myPlots/PMiss_C12_4461_4.pdf  used on input line 14
1.
(pdftex.def)             Requested size: 211.91867pt x 153.61357pt.
<../myPlots/PMiss_C12_4461_5.pdf, id=3294, 569.12625pt x 412.54124pt>
File: ../myPlots/PMiss_C12_4461_5.pdf Graphic file (type pdf)
<use ../myPlots/PMiss_C12_4461_5.pdf>
Package pdftex.def Info: ../myPlots/PMiss_C12_4461_5.pdf  used on input line 14
1.
(pdftex.def)             Requested size: 211.91867pt x 153.61357pt.
<../myPlots/PMiss_C12_4461_6.pdf, id=3295, 569.12625pt x 412.54124pt>
File: ../myPlots/PMiss_C12_4461_6.pdf Graphic file (type pdf)
<use ../myPlots/PMiss_C12_4461_6.pdf>
Package pdftex.def Info: ../myPlots/PMiss_C12_4461_6.pdf  used on input line 14
1.
(pdftex.def)             Requested size: 211.91867pt x 153.61357pt.
<../myPlots/PMiss_C12_4461_7.pdf, id=3296, 569.12625pt x 412.54124pt>
File: ../myPlots/PMiss_C12_4461_7.pdf Graphic file (type pdf)
<use ../myPlots/PMiss_C12_4461_7.pdf>
Package pdftex.def Info: ../myPlots/PMiss_C12_4461_7.pdf  used on input line 14
1.
(pdftex.def)             Requested size: 211.91867pt x 153.61357pt.
<../myPlots/PMiss_C12_4461_8.pdf, id=3297, 569.12625pt x 412.54124pt>
File: ../myPlots/PMiss_C12_4461_8.pdf Graphic file (type pdf)
<use ../myPlots/PMiss_C12_4461_8.pdf>
Package pdftex.def Info: ../myPlots/PMiss_C12_4461_8.pdf  used on input line 14
1.
(pdftex.def)             Requested size: 211.91867pt x 153.61357pt.
<../myPlots/PMiss_C12_4461_9.pdf, id=3298, 569.12625pt x 412.54124pt>
File: ../myPlots/PMiss_C12_4461_9.pdf Graphic file (type pdf)
<use ../myPlots/PMiss_C12_4461_9.pdf>
Package pdftex.def Info: ../myPlots/PMiss_C12_4461_9.pdf  used on input line 14
1.
(pdftex.def)             Requested size: 211.91867pt x 153.61357pt.
 [19 <../myPlots/PMiss_C12_4461_0.pdf, page is rotated 90 degrees> <../myPlots/
PMiss_C12_4461_1.pdf, page is rotated 90 degrees> <../myPlots/PMiss_C12_4461_2.
pdf, page is rotated 90 degrees> <../myPlots/PMiss_C12_4461_3.pdf, page is rota
ted 90 degrees>] [20 <../myPlots/PMiss_C12_4461_4.pdf, page is rotated 90 degre
es> <../myPlots/PMiss_C12_4461_5.pdf, page is rotated 90 degrees> <../myPlots/P
Miss_C12_4461_6.pdf, page is rotated 90 degrees> <../myPlots/PMiss_C12_4461_7.p
df, page is rotated 90 degrees> <../myPlots/PMiss_C12_4461_8.pdf, page is rotat
ed 90 degrees> <../myPlots/PMiss_C12_4461_9.pdf, page is rotated 90 degrees>]

Package hyperref Warning: Token not allowed in a PDF string (PDFDocEncoding):
(hyperref)                removing `math shift' on input line 144.


Package hyperref Warning: Token not allowed in a PDF string (PDFDocEncoding):
(hyperref)                removing `superscript' on input line 144.


Package hyperref Warning: Token not allowed in a PDF string (PDFDocEncoding):
(hyperref)                removing `math shift' on input line 144.

<../myPlots/LFG_Pn_56Fe_2261_0.pdf, id=3742, 569.12625pt x 412.54124pt>
File: ../myPlots/LFG_Pn_56Fe_2261_0.pdf Graphic file (type pdf)
<use ../myPlots/LFG_Pn_56Fe_2261_0.pdf>
Package pdftex.def Info: ../myPlots/LFG_Pn_56Fe_2261_0.pdf  used on input line 
145.
(pdftex.def)             Requested size: 211.91867pt x 153.61357pt.
<../myPlots/LFG_Pn_56Fe_2261_1.pdf, id=3743, 569.12625pt x 412.54124pt>
File: ../myPlots/LFG_Pn_56Fe_2261_1.pdf Graphic file (type pdf)
<use ../myPlots/LFG_Pn_56Fe_2261_1.pdf>
Package pdftex.def Info: ../myPlots/LFG_Pn_56Fe_2261_1.pdf  used on input line 
145.
(pdftex.def)             Requested size: 211.91867pt x 153.61357pt.
<../myPlots/LFG_Pn_56Fe_2261_2.pdf, id=3744, 569.12625pt x 412.54124pt>
File: ../myPlots/LFG_Pn_56Fe_2261_2.pdf Graphic file (type pdf)
<use ../myPlots/LFG_Pn_56Fe_2261_2.pdf>
Package pdftex.def Info: ../myPlots/LFG_Pn_56Fe_2261_2.pdf  used on input line 
145.
(pdftex.def)             Requested size: 211.91867pt x 153.61357pt.
<../myPlots/PMiss_kMiss_56Fe_2261_0.pdf, id=3745, 569.12625pt x 551.05875pt>
File: ../myPlots/PMiss_kMiss_56Fe_2261_0.pdf Graphic file (type pdf)
<use ../myPlots/PMiss_kMiss_56Fe_2261_0.pdf>
Package pdftex.def Info: ../myPlots/PMiss_kMiss_56Fe_2261_0.pdf  used on input 
line 145.
(pdftex.def)             Requested size: 211.91867pt x 205.19185pt.
<../myPlots/PMiss_kMiss_56Fe_2261_1.pdf, id=3746, 569.12625pt x 551.05875pt>
File: ../myPlots/PMiss_kMiss_56Fe_2261_1.pdf Graphic file (type pdf)
<use ../myPlots/PMiss_kMiss_56Fe_2261_1.pdf>
Package pdftex.def Info: ../myPlots/PMiss_kMiss_56Fe_2261_1.pdf  used on input 
line 145.
(pdftex.def)             Requested size: 211.91867pt x 205.19185pt.
<../myPlots/PMiss_kMiss_56Fe_2261_2.pdf, id=3747, 569.12625pt x 551.05875pt>
File: ../myPlots/PMiss_kMiss_56Fe_2261_2.pdf Graphic file (type pdf)
<use ../myPlots/PMiss_kMiss_56Fe_2261_2.pdf>
Package pdftex.def Info: ../myPlots/PMiss_kMiss_56Fe_2261_2.pdf  used on input 
line 145.
(pdftex.def)             Requested size: 211.91867pt x 205.19185pt.
[21

 <../myPlots/LFG_Pn_56Fe_2261_0.pdf, page is rotated 90 degrees> <../myPlots/LF
G_Pn_56Fe_2261_1.pdf, page is rotated 90 degrees> <../myPlots/LFG_Pn_56Fe_2261_
2.pdf, page is rotated 90 degrees>]
<../myPlots/PMiss_56Fe_2261_0.pdf, id=3883, 569.12625pt x 412.54124pt>
File: ../myPlots/PMiss_56Fe_2261_0.pdf Graphic file (type pdf)
<use ../myPlots/PMiss_56Fe_2261_0.pdf>
Package pdftex.def Info: ../myPlots/PMiss_56Fe_2261_0.pdf  used on input line 1
45.
(pdftex.def)             Requested size: 211.91867pt x 153.61357pt.
<../myPlots/PMiss_56Fe_2261_1.pdf, id=3884, 569.12625pt x 412.54124pt>
File: ../myPlots/PMiss_56Fe_2261_1.pdf Graphic file (type pdf)
<use ../myPlots/PMiss_56Fe_2261_1.pdf>
Package pdftex.def Info: ../myPlots/PMiss_56Fe_2261_1.pdf  used on input line 1
45.
(pdftex.def)             Requested size: 211.91867pt x 153.61357pt.
<../myPlots/PMiss_56Fe_2261_2.pdf, id=3885, 569.12625pt x 412.54124pt>
File: ../myPlots/PMiss_56Fe_2261_2.pdf Graphic file (type pdf)
<use ../myPlots/PMiss_56Fe_2261_2.pdf>
Package pdftex.def Info: ../myPlots/PMiss_56Fe_2261_2.pdf  used on input line 1
45.
(pdftex.def)             Requested size: 211.91867pt x 153.61357pt.
<../myPlots/PMiss_56Fe_2261_3.pdf, id=3886, 569.12625pt x 412.54124pt>
File: ../myPlots/PMiss_56Fe_2261_3.pdf Graphic file (type pdf)
<use ../myPlots/PMiss_56Fe_2261_3.pdf>
Package pdftex.def Info: ../myPlots/PMiss_56Fe_2261_3.pdf  used on input line 1
45.
(pdftex.def)             Requested size: 211.91867pt x 153.61357pt.
 [22 <../myPlots/PMiss_kMiss_56Fe_2261_0.pdf, page is rotated 90 degrees> <../m
yPlots/PMiss_kMiss_56Fe_2261_1.pdf, page is rotated 90 degrees> <../myPlots/PMi
ss_kMiss_56Fe_2261_2.pdf, page is rotated 90 degrees>]
<../myPlots/PMiss_56Fe_2261_4.pdf, id=4021, 569.12625pt x 412.54124pt>
File: ../myPlots/PMiss_56Fe_2261_4.pdf Graphic file (type pdf)
<use ../myPlots/PMiss_56Fe_2261_4.pdf>
Package pdftex.def Info: ../myPlots/PMiss_56Fe_2261_4.pdf  used on input line 1
45.
(pdftex.def)             Requested size: 211.91867pt x 153.61357pt.
<../myPlots/PMiss_56Fe_2261_5.pdf, id=4022, 569.12625pt x 412.54124pt>
File: ../myPlots/PMiss_56Fe_2261_5.pdf Graphic file (type pdf)
<use ../myPlots/PMiss_56Fe_2261_5.pdf>
Package pdftex.def Info: ../myPlots/PMiss_56Fe_2261_5.pdf  used on input line 1
45.
(pdftex.def)             Requested size: 211.91867pt x 153.61357pt.
<../myPlots/PMiss_56Fe_2261_6.pdf, id=4023, 569.12625pt x 412.54124pt>
File: ../myPlots/PMiss_56Fe_2261_6.pdf Graphic file (type pdf)
<use ../myPlots/PMiss_56Fe_2261_6.pdf>
Package pdftex.def Info: ../myPlots/PMiss_56Fe_2261_6.pdf  used on input line 1
45.
(pdftex.def)             Requested size: 211.91867pt x 153.61357pt.
<../myPlots/PMiss_56Fe_2261_7.pdf, id=4024, 569.12625pt x 412.54124pt>
File: ../myPlots/PMiss_56Fe_2261_7.pdf Graphic file (type pdf)
<use ../myPlots/PMiss_56Fe_2261_7.pdf>
Package pdftex.def Info: ../myPlots/PMiss_56Fe_2261_7.pdf  used on input line 1
45.
(pdftex.def)             Requested size: 211.91867pt x 153.61357pt.
<../myPlots/PMiss_56Fe_2261_8.pdf, id=4025, 569.12625pt x 412.54124pt>
File: ../myPlots/PMiss_56Fe_2261_8.pdf Graphic file (type pdf)
<use ../myPlots/PMiss_56Fe_2261_8.pdf>
Package pdftex.def Info: ../myPlots/PMiss_56Fe_2261_8.pdf  used on input line 1
45.
(pdftex.def)             Requested size: 211.91867pt x 153.61357pt.
<../myPlots/PMiss_56Fe_2261_9.pdf, id=4026, 569.12625pt x 412.54124pt>
File: ../myPlots/PMiss_56Fe_2261_9.pdf Graphic file (type pdf)
<use ../myPlots/PMiss_56Fe_2261_9.pdf>
Package pdftex.def Info: ../myPlots/PMiss_56Fe_2261_9.pdf  used on input line 1
45.
(pdftex.def)             Requested size: 211.91867pt x 153.61357pt.
 [23 <../myPlots/PMiss_56Fe_2261_0.pdf, page is rotated 90 degrees> <../myPlots
/PMiss_56Fe_2261_1.pdf, page is rotated 90 degrees> <../myPlots/PMiss_56Fe_2261
_2.pdf, page is rotated 90 degrees> <../myPlots/PMiss_56Fe_2261_3.pdf, page is 
rotated 90 degrees>] [24 <../myPlots/PMiss_56Fe_2261_4.pdf, page is rotated 90 
degrees> <../myPlots/PMiss_56Fe_2261_5.pdf, page is rotated 90 degrees> <../myP
lots/PMiss_56Fe_2261_6.pdf, page is rotated 90 degrees> <../myPlots/PMiss_56Fe_
2261_7.pdf, page is rotated 90 degrees> <../myPlots/PMiss_56Fe_2261_8.pdf, page
 is rotated 90 degrees> <../myPlots/PMiss_56Fe_2261_9.pdf, page is rotated 90 d
egrees>]

Package hyperref Warning: Token not allowed in a PDF string (PDFDocEncoding):
(hyperref)                removing `math shift' on input line 148.


Package hyperref Warning: Token not allowed in a PDF string (PDFDocEncoding):
(hyperref)                removing `superscript' on input line 148.


Package hyperref Warning: Token not allowed in a PDF string (PDFDocEncoding):
(hyperref)                removing `math shift' on input line 148.

<../myPlots/LFG_Pn_56Fe_4461_0.pdf, id=4469, 569.12625pt x 412.54124pt>
File: ../myPlots/LFG_Pn_56Fe_4461_0.pdf Graphic file (type pdf)
<use ../myPlots/LFG_Pn_56Fe_4461_0.pdf>
Package pdftex.def Info: ../myPlots/LFG_Pn_56Fe_4461_0.pdf  used on input line 
149.
(pdftex.def)             Requested size: 211.91867pt x 153.61357pt.
<../myPlots/LFG_Pn_56Fe_4461_1.pdf, id=4470, 569.12625pt x 412.54124pt>
File: ../myPlots/LFG_Pn_56Fe_4461_1.pdf Graphic file (type pdf)
<use ../myPlots/LFG_Pn_56Fe_4461_1.pdf>
Package pdftex.def Info: ../myPlots/LFG_Pn_56Fe_4461_1.pdf  used on input line 
149.
(pdftex.def)             Requested size: 211.91867pt x 153.61357pt.
<../myPlots/LFG_Pn_56Fe_4461_2.pdf, id=4471, 569.12625pt x 412.54124pt>
File: ../myPlots/LFG_Pn_56Fe_4461_2.pdf Graphic file (type pdf)
<use ../myPlots/LFG_Pn_56Fe_4461_2.pdf>
Package pdftex.def Info: ../myPlots/LFG_Pn_56Fe_4461_2.pdf  used on input line 
149.
(pdftex.def)             Requested size: 211.91867pt x 153.61357pt.
<../myPlots/PMiss_kMiss_56Fe_4461_0.pdf, id=4472, 569.12625pt x 551.05875pt>
File: ../myPlots/PMiss_kMiss_56Fe_4461_0.pdf Graphic file (type pdf)
<use ../myPlots/PMiss_kMiss_56Fe_4461_0.pdf>
Package pdftex.def Info: ../myPlots/PMiss_kMiss_56Fe_4461_0.pdf  used on input 
line 149.
(pdftex.def)             Requested size: 211.91867pt x 205.19185pt.
<../myPlots/PMiss_kMiss_56Fe_4461_1.pdf, id=4473, 569.12625pt x 551.05875pt>
File: ../myPlots/PMiss_kMiss_56Fe_4461_1.pdf Graphic file (type pdf)
<use ../myPlots/PMiss_kMiss_56Fe_4461_1.pdf>
Package pdftex.def Info: ../myPlots/PMiss_kMiss_56Fe_4461_1.pdf  used on input 
line 149.
(pdftex.def)             Requested size: 211.91867pt x 205.19185pt.
<../myPlots/PMiss_kMiss_56Fe_4461_2.pdf, id=4474, 569.12625pt x 551.05875pt>
File: ../myPlots/PMiss_kMiss_56Fe_4461_2.pdf Graphic file (type pdf)
<use ../myPlots/PMiss_kMiss_56Fe_4461_2.pdf>
Package pdftex.def Info: ../myPlots/PMiss_kMiss_56Fe_4461_2.pdf  used on input 
line 149.
(pdftex.def)             Requested size: 211.91867pt x 205.19185pt.
[25

 <../myPlots/LFG_Pn_56Fe_4461_0.pdf, page is rotated 90 degrees> <../myPlots/LF
G_Pn_56Fe_4461_1.pdf, page is rotated 90 degrees> <../myPlots/LFG_Pn_56Fe_4461_
2.pdf, page is rotated 90 degrees>]
<../myPlots/PMiss_56Fe_4461_0.pdf, id=4611, 569.12625pt x 412.54124pt>
File: ../myPlots/PMiss_56Fe_4461_0.pdf Graphic file (type pdf)
<use ../myPlots/PMiss_56Fe_4461_0.pdf>
Package pdftex.def Info: ../myPlots/PMiss_56Fe_4461_0.pdf  used on input line 1
49.
(pdftex.def)             Requested size: 211.91867pt x 153.61357pt.
<../myPlots/PMiss_56Fe_4461_1.pdf, id=4612, 569.12625pt x 412.54124pt>
File: ../myPlots/PMiss_56Fe_4461_1.pdf Graphic file (type pdf)
<use ../myPlots/PMiss_56Fe_4461_1.pdf>
Package pdftex.def Info: ../myPlots/PMiss_56Fe_4461_1.pdf  used on input line 1
49.
(pdftex.def)             Requested size: 211.91867pt x 153.61357pt.
<../myPlots/PMiss_56Fe_4461_2.pdf, id=4613, 569.12625pt x 412.54124pt>
File: ../myPlots/PMiss_56Fe_4461_2.pdf Graphic file (type pdf)
<use ../myPlots/PMiss_56Fe_4461_2.pdf>
Package pdftex.def Info: ../myPlots/PMiss_56Fe_4461_2.pdf  used on input line 1
49.
(pdftex.def)             Requested size: 211.91867pt x 153.61357pt.
<../myPlots/PMiss_56Fe_4461_3.pdf, id=4614, 569.12625pt x 412.54124pt>
File: ../myPlots/PMiss_56Fe_4461_3.pdf Graphic file (type pdf)
<use ../myPlots/PMiss_56Fe_4461_3.pdf>
Package pdftex.def Info: ../myPlots/PMiss_56Fe_4461_3.pdf  used on input line 1
49.
(pdftex.def)             Requested size: 211.91867pt x 153.61357pt.
 [26 <../myPlots/PMiss_kMiss_56Fe_4461_0.pdf, page is rotated 90 degrees> <../m
yPlots/PMiss_kMiss_56Fe_4461_1.pdf, page is rotated 90 degrees> <../myPlots/PMi
ss_kMiss_56Fe_4461_2.pdf, page is rotated 90 degrees>]
<../myPlots/PMiss_56Fe_4461_4.pdf, id=4749, 569.12625pt x 412.54124pt>
File: ../myPlots/PMiss_56Fe_4461_4.pdf Graphic file (type pdf)
<use ../myPlots/PMiss_56Fe_4461_4.pdf>
Package pdftex.def Info: ../myPlots/PMiss_56Fe_4461_4.pdf  used on input line 1
49.
(pdftex.def)             Requested size: 211.91867pt x 153.61357pt.
<../myPlots/PMiss_56Fe_4461_5.pdf, id=4750, 569.12625pt x 412.54124pt>
File: ../myPlots/PMiss_56Fe_4461_5.pdf Graphic file (type pdf)
<use ../myPlots/PMiss_56Fe_4461_5.pdf>
Package pdftex.def Info: ../myPlots/PMiss_56Fe_4461_5.pdf  used on input line 1
49.
(pdftex.def)             Requested size: 211.91867pt x 153.61357pt.
<../myPlots/PMiss_56Fe_4461_6.pdf, id=4751, 569.12625pt x 412.54124pt>
File: ../myPlots/PMiss_56Fe_4461_6.pdf Graphic file (type pdf)
<use ../myPlots/PMiss_56Fe_4461_6.pdf>
Package pdftex.def Info: ../myPlots/PMiss_56Fe_4461_6.pdf  used on input line 1
49.
(pdftex.def)             Requested size: 211.91867pt x 153.61357pt.
<../myPlots/PMiss_56Fe_4461_7.pdf, id=4752, 569.12625pt x 412.54124pt>
File: ../myPlots/PMiss_56Fe_4461_7.pdf Graphic file (type pdf)
<use ../myPlots/PMiss_56Fe_4461_7.pdf>
Package pdftex.def Info: ../myPlots/PMiss_56Fe_4461_7.pdf  used on input line 1
49.
(pdftex.def)             Requested size: 211.91867pt x 153.61357pt.
<../myPlots/PMiss_56Fe_4461_8.pdf, id=4753, 569.12625pt x 412.54124pt>
File: ../myPlots/PMiss_56Fe_4461_8.pdf Graphic file (type pdf)
<use ../myPlots/PMiss_56Fe_4461_8.pdf>
Package pdftex.def Info: ../myPlots/PMiss_56Fe_4461_8.pdf  used on input line 1
49.
(pdftex.def)             Requested size: 211.91867pt x 153.61357pt.
<../myPlots/PMiss_56Fe_4461_9.pdf, id=4754, 569.12625pt x 412.54124pt>
File: ../myPlots/PMiss_56Fe_4461_9.pdf Graphic file (type pdf)
<use ../myPlots/PMiss_56Fe_4461_9.pdf>
Package pdftex.def Info: ../myPlots/PMiss_56Fe_4461_9.pdf  used on input line 1
49.
(pdftex.def)             Requested size: 211.91867pt x 153.61357pt.
 [27 <../myPlots/PMiss_56Fe_4461_0.pdf, page is rotated 90 degrees> <../myPlots
/PMiss_56Fe_4461_1.pdf, page is rotated 90 degrees> <../myPlots/PMiss_56Fe_4461
_2.pdf, page is rotated 90 degrees> <../myPlots/PMiss_56Fe_4461_3.pdf, page is 
rotated 90 degrees>] [28 <../myPlots/PMiss_56Fe_4461_4.pdf, page is rotated 90 
degrees> <../myPlots/PMiss_56Fe_4461_5.pdf, page is rotated 90 degrees> <../myP
lots/PMiss_56Fe_4461_6.pdf, page is rotated 90 degrees> <../myPlots/PMiss_56Fe_
4461_7.pdf, page is rotated 90 degrees> <../myPlots/PMiss_56Fe_4461_8.pdf, page
 is rotated 90 degrees> <../myPlots/PMiss_56Fe_4461_9.pdf, page is rotated 90 d
egrees>]

Package hyperref Warning: Token not allowed in a PDF string (PDFDocEncoding):
(hyperref)                removing `math shift' on input line 154.


Package hyperref Warning: Token not allowed in a PDF string (PDFDocEncoding):
(hyperref)                removing `\nu' on input line 154.


Package hyperref Warning: Token not allowed in a PDF string (PDFDocEncoding):
(hyperref)                removing `math shift' on input line 154.


Package hyperref Warning: Token not allowed in a PDF string (PDFDocEncoding):
(hyperref)                removing `math shift' on input line 154.


Package hyperref Warning: Token not allowed in a PDF string (PDFDocEncoding):
(hyperref)                removing `subscript' on input line 154.


Package hyperref Warning: Token not allowed in a PDF string (PDFDocEncoding):
(hyperref)                removing `math shift' on input line 154.


Package hyperref Warning: Token not allowed in a PDF string (PDFDocEncoding):
(hyperref)                removing `math shift' on input line 156.


Package hyperref Warning: Token not allowed in a PDF string (PDFDocEncoding):
(hyperref)                removing `superscript' on input line 156.


Package hyperref Warning: Token not allowed in a PDF string (PDFDocEncoding):
(hyperref)                removing `math shift' on input line 156.

<../myPlots/xB_LFG_Pn_4He_2261_0.pdf, id=5197, 569.12625pt x 412.54124pt>
File: ../myPlots/xB_LFG_Pn_4He_2261_0.pdf Graphic file (type pdf)
<use ../myPlots/xB_LFG_Pn_4He_2261_0.pdf>
Package pdftex.def Info: ../myPlots/xB_LFG_Pn_4He_2261_0.pdf  used on input lin
e 157.
(pdftex.def)             Requested size: 211.91867pt x 153.61357pt.
<../myPlots/xB_LFG_Pn_4He_2261_1.pdf, id=5198, 569.12625pt x 412.54124pt>
File: ../myPlots/xB_LFG_Pn_4He_2261_1.pdf Graphic file (type pdf)
<use ../myPlots/xB_LFG_Pn_4He_2261_1.pdf>
Package pdftex.def Info: ../myPlots/xB_LFG_Pn_4He_2261_1.pdf  used on input lin
e 157.
(pdftex.def)             Requested size: 211.91867pt x 153.61357pt.
<../myPlots/xB_LFG_Pn_4He_2261_2.pdf, id=5199, 569.12625pt x 412.54124pt>
File: ../myPlots/xB_LFG_Pn_4He_2261_2.pdf Graphic file (type pdf)
<use ../myPlots/xB_LFG_Pn_4He_2261_2.pdf>
Package pdftex.def Info: ../myPlots/xB_LFG_Pn_4He_2261_2.pdf  used on input lin
e 157.
(pdftex.def)             Requested size: 211.91867pt x 153.61357pt.
<../myPlots/xB_PMiss_kMiss_4He_2261_0.pdf, id=5200, 569.12625pt x 551.05875pt>
File: ../myPlots/xB_PMiss_kMiss_4He_2261_0.pdf Graphic file (type pdf)
<use ../myPlots/xB_PMiss_kMiss_4He_2261_0.pdf>
Package pdftex.def Info: ../myPlots/xB_PMiss_kMiss_4He_2261_0.pdf  used on inpu
t line 157.
(pdftex.def)             Requested size: 211.91867pt x 205.19185pt.
<../myPlots/xB_PMiss_kMiss_4He_2261_1.pdf, id=5201, 569.12625pt x 551.05875pt>
File: ../myPlots/xB_PMiss_kMiss_4He_2261_1.pdf Graphic file (type pdf)
<use ../myPlots/xB_PMiss_kMiss_4He_2261_1.pdf>
Package pdftex.def Info: ../myPlots/xB_PMiss_kMiss_4He_2261_1.pdf  used on inpu
t line 157.
(pdftex.def)             Requested size: 211.91867pt x 205.19185pt.
<../myPlots/xB_PMiss_kMiss_4He_2261_2.pdf, id=5202, 569.12625pt x 551.05875pt>
File: ../myPlots/xB_PMiss_kMiss_4He_2261_2.pdf Graphic file (type pdf)
<use ../myPlots/xB_PMiss_kMiss_4He_2261_2.pdf>
Package pdftex.def Info: ../myPlots/xB_PMiss_kMiss_4He_2261_2.pdf  used on inpu
t line 157.
(pdftex.def)             Requested size: 211.91867pt x 205.19185pt.
[29

 <../myPlots/xB_LFG_Pn_4He_2261_0.pdf, page is rotated 90 degrees> <../myPlots/
xB_LFG_Pn_4He_2261_1.pdf, page is rotated 90 degrees> <../myPlots/xB_LFG_Pn_4He
_2261_2.pdf, page is rotated 90 degrees>]
<../myPlots/xB_PMiss_4He_2261_0.pdf, id=5339, 569.12625pt x 412.54124pt>
File: ../myPlots/xB_PMiss_4He_2261_0.pdf Graphic file (type pdf)
<use ../myPlots/xB_PMiss_4He_2261_0.pdf>
Package pdftex.def Info: ../myPlots/xB_PMiss_4He_2261_0.pdf  used on input line
 157.
(pdftex.def)             Requested size: 211.91867pt x 153.61357pt.
<../myPlots/xB_PMiss_4He_2261_1.pdf, id=5340, 569.12625pt x 412.54124pt>
File: ../myPlots/xB_PMiss_4He_2261_1.pdf Graphic file (type pdf)
<use ../myPlots/xB_PMiss_4He_2261_1.pdf>
Package pdftex.def Info: ../myPlots/xB_PMiss_4He_2261_1.pdf  used on input line
 157.
(pdftex.def)             Requested size: 211.91867pt x 153.61357pt.
<../myPlots/xB_PMiss_4He_2261_2.pdf, id=5341, 569.12625pt x 412.54124pt>
File: ../myPlots/xB_PMiss_4He_2261_2.pdf Graphic file (type pdf)
<use ../myPlots/xB_PMiss_4He_2261_2.pdf>
Package pdftex.def Info: ../myPlots/xB_PMiss_4He_2261_2.pdf  used on input line
 157.
(pdftex.def)             Requested size: 211.91867pt x 153.61357pt.
<../myPlots/xB_PMiss_4He_2261_3.pdf, id=5342, 569.12625pt x 412.54124pt>
File: ../myPlots/xB_PMiss_4He_2261_3.pdf Graphic file (type pdf)
<use ../myPlots/xB_PMiss_4He_2261_3.pdf>
Package pdftex.def Info: ../myPlots/xB_PMiss_4He_2261_3.pdf  used on input line
 157.
(pdftex.def)             Requested size: 211.91867pt x 153.61357pt.
 [30 <../myPlots/xB_PMiss_kMiss_4He_2261_0.pdf, page is rotated 90 degrees> <..
/myPlots/xB_PMiss_kMiss_4He_2261_1.pdf, page is rotated 90 degrees> <../myPlots
/xB_PMiss_kMiss_4He_2261_2.pdf, page is rotated 90 degrees>]
<../myPlots/xB_PMiss_4He_2261_4.pdf, id=5477, 569.12625pt x 412.54124pt>
File: ../myPlots/xB_PMiss_4He_2261_4.pdf Graphic file (type pdf)
<use ../myPlots/xB_PMiss_4He_2261_4.pdf>
Package pdftex.def Info: ../myPlots/xB_PMiss_4He_2261_4.pdf  used on input line
 157.
(pdftex.def)             Requested size: 211.91867pt x 153.61357pt.
<../myPlots/xB_PMiss_4He_2261_5.pdf, id=5478, 569.12625pt x 412.54124pt>
File: ../myPlots/xB_PMiss_4He_2261_5.pdf Graphic file (type pdf)
<use ../myPlots/xB_PMiss_4He_2261_5.pdf>
Package pdftex.def Info: ../myPlots/xB_PMiss_4He_2261_5.pdf  used on input line
 157.
(pdftex.def)             Requested size: 211.91867pt x 153.61357pt.
<../myPlots/xB_PMiss_4He_2261_6.pdf, id=5479, 569.12625pt x 412.54124pt>
File: ../myPlots/xB_PMiss_4He_2261_6.pdf Graphic file (type pdf)
<use ../myPlots/xB_PMiss_4He_2261_6.pdf>
Package pdftex.def Info: ../myPlots/xB_PMiss_4He_2261_6.pdf  used on input line
 157.
(pdftex.def)             Requested size: 211.91867pt x 153.61357pt.
<../myPlots/xB_PMiss_4He_2261_7.pdf, id=5480, 569.12625pt x 412.54124pt>
File: ../myPlots/xB_PMiss_4He_2261_7.pdf Graphic file (type pdf)
<use ../myPlots/xB_PMiss_4He_2261_7.pdf>
Package pdftex.def Info: ../myPlots/xB_PMiss_4He_2261_7.pdf  used on input line
 157.
(pdftex.def)             Requested size: 211.91867pt x 153.61357pt.
<../myPlots/xB_PMiss_4He_2261_8.pdf, id=5481, 569.12625pt x 412.54124pt>
File: ../myPlots/xB_PMiss_4He_2261_8.pdf Graphic file (type pdf)
<use ../myPlots/xB_PMiss_4He_2261_8.pdf>
Package pdftex.def Info: ../myPlots/xB_PMiss_4He_2261_8.pdf  used on input line
 157.
(pdftex.def)             Requested size: 211.91867pt x 153.61357pt.
<../myPlots/xB_PMiss_4He_2261_9.pdf, id=5482, 569.12625pt x 412.54124pt>
File: ../myPlots/xB_PMiss_4He_2261_9.pdf Graphic file (type pdf)
<use ../myPlots/xB_PMiss_4He_2261_9.pdf>
Package pdftex.def Info: ../myPlots/xB_PMiss_4He_2261_9.pdf  used on input line
 157.
(pdftex.def)             Requested size: 211.91867pt x 153.61357pt.
 [31 <../myPlots/xB_PMiss_4He_2261_0.pdf, page is rotated 90 degrees> <../myPlo
ts/xB_PMiss_4He_2261_1.pdf, page is rotated 90 degrees> <../myPlots/xB_PMiss_4H
e_2261_2.pdf, page is rotated 90 degrees> <../myPlots/xB_PMiss_4He_2261_3.pdf, 
page is rotated 90 degrees>] [32 <../myPlots/xB_PMiss_4He_2261_4.pdf, page is r
otated 90 degrees> <../myPlots/xB_PMiss_4He_2261_5.pdf, page is rotated 90 degr
ees> <../myPlots/xB_PMiss_4He_2261_6.pdf, page is rotated 90 degrees> <../myPlo
ts/xB_PMiss_4He_2261_7.pdf, page is rotated 90 degrees> <../myPlots/xB_PMiss_4H
e_2261_8.pdf, page is rotated 90 degrees> <../myPlots/xB_PMiss_4He_2261_9.pdf, 
page is rotated 90 degrees>]

Package hyperref Warning: Token not allowed in a PDF string (PDFDocEncoding):
(hyperref)                removing `math shift' on input line 160.


Package hyperref Warning: Token not allowed in a PDF string (PDFDocEncoding):
(hyperref)                removing `superscript' on input line 160.


Package hyperref Warning: Token not allowed in a PDF string (PDFDocEncoding):
(hyperref)                removing `math shift' on input line 160.

<../myPlots/xB_LFG_Pn_4He_4461_0.pdf, id=5926, 569.12625pt x 412.54124pt>
File: ../myPlots/xB_LFG_Pn_4He_4461_0.pdf Graphic file (type pdf)
<use ../myPlots/xB_LFG_Pn_4He_4461_0.pdf>
Package pdftex.def Info: ../myPlots/xB_LFG_Pn_4He_4461_0.pdf  used on input lin
e 161.
(pdftex.def)             Requested size: 211.91867pt x 153.61357pt.
<../myPlots/xB_LFG_Pn_4He_4461_1.pdf, id=5927, 569.12625pt x 412.54124pt>
File: ../myPlots/xB_LFG_Pn_4He_4461_1.pdf Graphic file (type pdf)
<use ../myPlots/xB_LFG_Pn_4He_4461_1.pdf>
Package pdftex.def Info: ../myPlots/xB_LFG_Pn_4He_4461_1.pdf  used on input lin
e 161.
(pdftex.def)             Requested size: 211.91867pt x 153.61357pt.
<../myPlots/xB_LFG_Pn_4He_4461_2.pdf, id=5928, 569.12625pt x 412.54124pt>
File: ../myPlots/xB_LFG_Pn_4He_4461_2.pdf Graphic file (type pdf)
<use ../myPlots/xB_LFG_Pn_4He_4461_2.pdf>
Package pdftex.def Info: ../myPlots/xB_LFG_Pn_4He_4461_2.pdf  used on input lin
e 161.
(pdftex.def)             Requested size: 211.91867pt x 153.61357pt.
<../myPlots/xB_PMiss_kMiss_4He_4461_0.pdf, id=5929, 569.12625pt x 551.05875pt>
File: ../myPlots/xB_PMiss_kMiss_4He_4461_0.pdf Graphic file (type pdf)
<use ../myPlots/xB_PMiss_kMiss_4He_4461_0.pdf>
Package pdftex.def Info: ../myPlots/xB_PMiss_kMiss_4He_4461_0.pdf  used on inpu
t line 161.
(pdftex.def)             Requested size: 211.91867pt x 205.19185pt.
<../myPlots/xB_PMiss_kMiss_4He_4461_1.pdf, id=5930, 569.12625pt x 551.05875pt>
File: ../myPlots/xB_PMiss_kMiss_4He_4461_1.pdf Graphic file (type pdf)
<use ../myPlots/xB_PMiss_kMiss_4He_4461_1.pdf>
Package pdftex.def Info: ../myPlots/xB_PMiss_kMiss_4He_4461_1.pdf  used on inpu
t line 161.
(pdftex.def)             Requested size: 211.91867pt x 205.19185pt.
<../myPlots/xB_PMiss_kMiss_4He_4461_2.pdf, id=5931, 569.12625pt x 551.05875pt>
File: ../myPlots/xB_PMiss_kMiss_4He_4461_2.pdf Graphic file (type pdf)
<use ../myPlots/xB_PMiss_kMiss_4He_4461_2.pdf>
Package pdftex.def Info: ../myPlots/xB_PMiss_kMiss_4He_4461_2.pdf  used on inpu
t line 161.
(pdftex.def)             Requested size: 211.91867pt x 205.19185pt.
[33

 <../myPlots/xB_LFG_Pn_4He_4461_0.pdf, page is rotated 90 degrees> <../myPlots/
xB_LFG_Pn_4He_4461_1.pdf, page is rotated 90 degrees> <../myPlots/xB_LFG_Pn_4He
_4461_2.pdf, page is rotated 90 degrees>]
<../myPlots/xB_PMiss_4He_4461_0.pdf, id=6067, 569.12625pt x 412.54124pt>
File: ../myPlots/xB_PMiss_4He_4461_0.pdf Graphic file (type pdf)
<use ../myPlots/xB_PMiss_4He_4461_0.pdf>
Package pdftex.def Info: ../myPlots/xB_PMiss_4He_4461_0.pdf  used on input line
 161.
(pdftex.def)             Requested size: 211.91867pt x 153.61357pt.
<../myPlots/xB_PMiss_4He_4461_1.pdf, id=6068, 569.12625pt x 412.54124pt>
File: ../myPlots/xB_PMiss_4He_4461_1.pdf Graphic file (type pdf)
<use ../myPlots/xB_PMiss_4He_4461_1.pdf>
Package pdftex.def Info: ../myPlots/xB_PMiss_4He_4461_1.pdf  used on input line
 161.
(pdftex.def)             Requested size: 211.91867pt x 153.61357pt.
<../myPlots/xB_PMiss_4He_4461_2.pdf, id=6069, 569.12625pt x 412.54124pt>
File: ../myPlots/xB_PMiss_4He_4461_2.pdf Graphic file (type pdf)
<use ../myPlots/xB_PMiss_4He_4461_2.pdf>
Package pdftex.def Info: ../myPlots/xB_PMiss_4He_4461_2.pdf  used on input line
 161.
(pdftex.def)             Requested size: 211.91867pt x 153.61357pt.
<../myPlots/xB_PMiss_4He_4461_3.pdf, id=6070, 569.12625pt x 412.54124pt>
File: ../myPlots/xB_PMiss_4He_4461_3.pdf Graphic file (type pdf)
<use ../myPlots/xB_PMiss_4He_4461_3.pdf>
Package pdftex.def Info: ../myPlots/xB_PMiss_4He_4461_3.pdf  used on input line
 161.
(pdftex.def)             Requested size: 211.91867pt x 153.61357pt.
 [34 <../myPlots/xB_PMiss_kMiss_4He_4461_0.pdf, page is rotated 90 degrees> <..
/myPlots/xB_PMiss_kMiss_4He_4461_1.pdf, page is rotated 90 degrees> <../myPlots
/xB_PMiss_kMiss_4He_4461_2.pdf, page is rotated 90 degrees>]
<../myPlots/xB_PMiss_4He_4461_4.pdf, id=6206, 569.12625pt x 412.54124pt>
File: ../myPlots/xB_PMiss_4He_4461_4.pdf Graphic file (type pdf)
<use ../myPlots/xB_PMiss_4He_4461_4.pdf>
Package pdftex.def Info: ../myPlots/xB_PMiss_4He_4461_4.pdf  used on input line
 161.
(pdftex.def)             Requested size: 211.91867pt x 153.61357pt.
<../myPlots/xB_PMiss_4He_4461_5.pdf, id=6207, 569.12625pt x 412.54124pt>
File: ../myPlots/xB_PMiss_4He_4461_5.pdf Graphic file (type pdf)
<use ../myPlots/xB_PMiss_4He_4461_5.pdf>
Package pdftex.def Info: ../myPlots/xB_PMiss_4He_4461_5.pdf  used on input line
 161.
(pdftex.def)             Requested size: 211.91867pt x 153.61357pt.
<../myPlots/xB_PMiss_4He_4461_6.pdf, id=6208, 569.12625pt x 412.54124pt>
File: ../myPlots/xB_PMiss_4He_4461_6.pdf Graphic file (type pdf)
<use ../myPlots/xB_PMiss_4He_4461_6.pdf>
Package pdftex.def Info: ../myPlots/xB_PMiss_4He_4461_6.pdf  used on input line
 161.
(pdftex.def)             Requested size: 211.91867pt x 153.61357pt.
<../myPlots/xB_PMiss_4He_4461_7.pdf, id=6209, 569.12625pt x 412.54124pt>
File: ../myPlots/xB_PMiss_4He_4461_7.pdf Graphic file (type pdf)
<use ../myPlots/xB_PMiss_4He_4461_7.pdf>
Package pdftex.def Info: ../myPlots/xB_PMiss_4He_4461_7.pdf  used on input line
 161.
(pdftex.def)             Requested size: 211.91867pt x 153.61357pt.
<../myPlots/xB_PMiss_4He_4461_8.pdf, id=6210, 569.12625pt x 412.54124pt>
File: ../myPlots/xB_PMiss_4He_4461_8.pdf Graphic file (type pdf)
<use ../myPlots/xB_PMiss_4He_4461_8.pdf>
Package pdftex.def Info: ../myPlots/xB_PMiss_4He_4461_8.pdf  used on input line
 161.
(pdftex.def)             Requested size: 211.91867pt x 153.61357pt.
<../myPlots/xB_PMiss_4He_4461_9.pdf, id=6211, 569.12625pt x 412.54124pt>
File: ../myPlots/xB_PMiss_4He_4461_9.pdf Graphic file (type pdf)
<use ../myPlots/xB_PMiss_4He_4461_9.pdf>
Package pdftex.def Info: ../myPlots/xB_PMiss_4He_4461_9.pdf  used on input line
 161.
(pdftex.def)             Requested size: 211.91867pt x 153.61357pt.
 [35 <../myPlots/xB_PMiss_4He_4461_0.pdf, page is rotated 90 degrees> <../myPlo
ts/xB_PMiss_4He_4461_1.pdf, page is rotated 90 degrees> <../myPlots/xB_PMiss_4H
e_4461_2.pdf, page is rotated 90 degrees> <../myPlots/xB_PMiss_4He_4461_3.pdf, 
page is rotated 90 degrees>] [36 <../myPlots/xB_PMiss_4He_4461_4.pdf, page is r
otated 90 degrees> <../myPlots/xB_PMiss_4He_4461_5.pdf, page is rotated 90 degr
ees> <../myPlots/xB_PMiss_4He_4461_6.pdf, page is rotated 90 degrees> <../myPlo
ts/xB_PMiss_4He_4461_7.pdf, page is rotated 90 degrees> <../myPlots/xB_PMiss_4H
e_4461_8.pdf, page is rotated 90 degrees> <../myPlots/xB_PMiss_4He_4461_9.pdf, 
page is rotated 90 degrees>]

Package hyperref Warning: Token not allowed in a PDF string (PDFDocEncoding):
(hyperref)                removing `math shift' on input line 164.


Package hyperref Warning: Token not allowed in a PDF string (PDFDocEncoding):
(hyperref)                removing `superscript' on input line 164.


Package hyperref Warning: Token not allowed in a PDF string (PDFDocEncoding):
(hyperref)                removing `math shift' on input line 164.

<../myPlots/xB_LFG_Pn_C12_1161_0.pdf, id=6653, 569.12625pt x 412.54124pt>
File: ../myPlots/xB_LFG_Pn_C12_1161_0.pdf Graphic file (type pdf)
<use ../myPlots/xB_LFG_Pn_C12_1161_0.pdf>
Package pdftex.def Info: ../myPlots/xB_LFG_Pn_C12_1161_0.pdf  used on input lin
e 165.
(pdftex.def)             Requested size: 211.91867pt x 153.61357pt.
<../myPlots/xB_LFG_Pn_C12_1161_1.pdf, id=6654, 569.12625pt x 412.54124pt>
File: ../myPlots/xB_LFG_Pn_C12_1161_1.pdf Graphic file (type pdf)
<use ../myPlots/xB_LFG_Pn_C12_1161_1.pdf>
Package pdftex.def Info: ../myPlots/xB_LFG_Pn_C12_1161_1.pdf  used on input lin
e 165.
(pdftex.def)             Requested size: 211.91867pt x 153.61357pt.
<../myPlots/xB_LFG_Pn_C12_1161_2.pdf, id=6655, 569.12625pt x 412.54124pt>
File: ../myPlots/xB_LFG_Pn_C12_1161_2.pdf Graphic file (type pdf)
<use ../myPlots/xB_LFG_Pn_C12_1161_2.pdf>
Package pdftex.def Info: ../myPlots/xB_LFG_Pn_C12_1161_2.pdf  used on input lin
e 165.
(pdftex.def)             Requested size: 211.91867pt x 153.61357pt.
<../myPlots/xB_PMiss_kMiss_C12_1161_0.pdf, id=6656, 569.12625pt x 551.05875pt>
File: ../myPlots/xB_PMiss_kMiss_C12_1161_0.pdf Graphic file (type pdf)
<use ../myPlots/xB_PMiss_kMiss_C12_1161_0.pdf>
Package pdftex.def Info: ../myPlots/xB_PMiss_kMiss_C12_1161_0.pdf  used on inpu
t line 165.
(pdftex.def)             Requested size: 211.91867pt x 205.19185pt.
<../myPlots/xB_PMiss_kMiss_C12_1161_1.pdf, id=6657, 569.12625pt x 551.05875pt>
File: ../myPlots/xB_PMiss_kMiss_C12_1161_1.pdf Graphic file (type pdf)
<use ../myPlots/xB_PMiss_kMiss_C12_1161_1.pdf>
Package pdftex.def Info: ../myPlots/xB_PMiss_kMiss_C12_1161_1.pdf  used on inpu
t line 165.
(pdftex.def)             Requested size: 211.91867pt x 205.19185pt.
<../myPlots/xB_PMiss_kMiss_C12_1161_2.pdf, id=6658, 569.12625pt x 551.05875pt>
File: ../myPlots/xB_PMiss_kMiss_C12_1161_2.pdf Graphic file (type pdf)
<use ../myPlots/xB_PMiss_kMiss_C12_1161_2.pdf>
Package pdftex.def Info: ../myPlots/xB_PMiss_kMiss_C12_1161_2.pdf  used on inpu
t line 165.
(pdftex.def)             Requested size: 211.91867pt x 205.19185pt.
[37

 <../myPlots/xB_LFG_Pn_C12_1161_0.pdf, page is rotated 90 degrees> <../myPlots/
xB_LFG_Pn_C12_1161_1.pdf, page is rotated 90 degrees> <../myPlots/xB_LFG_Pn_C12
_1161_2.pdf, page is rotated 90 degrees>]
<../myPlots/xB_PMiss_C12_1161_0.pdf, id=6795, 569.12625pt x 412.54124pt>
File: ../myPlots/xB_PMiss_C12_1161_0.pdf Graphic file (type pdf)
<use ../myPlots/xB_PMiss_C12_1161_0.pdf>
Package pdftex.def Info: ../myPlots/xB_PMiss_C12_1161_0.pdf  used on input line
 165.
(pdftex.def)             Requested size: 211.91867pt x 153.61357pt.
<../myPlots/xB_PMiss_C12_1161_1.pdf, id=6796, 569.12625pt x 412.54124pt>
File: ../myPlots/xB_PMiss_C12_1161_1.pdf Graphic file (type pdf)
<use ../myPlots/xB_PMiss_C12_1161_1.pdf>
Package pdftex.def Info: ../myPlots/xB_PMiss_C12_1161_1.pdf  used on input line
 165.
(pdftex.def)             Requested size: 211.91867pt x 153.61357pt.
<../myPlots/xB_PMiss_C12_1161_2.pdf, id=6797, 569.12625pt x 412.54124pt>
File: ../myPlots/xB_PMiss_C12_1161_2.pdf Graphic file (type pdf)
<use ../myPlots/xB_PMiss_C12_1161_2.pdf>
Package pdftex.def Info: ../myPlots/xB_PMiss_C12_1161_2.pdf  used on input line
 165.
(pdftex.def)             Requested size: 211.91867pt x 153.61357pt.
<../myPlots/xB_PMiss_C12_1161_3.pdf, id=6798, 569.12625pt x 412.54124pt>
File: ../myPlots/xB_PMiss_C12_1161_3.pdf Graphic file (type pdf)
<use ../myPlots/xB_PMiss_C12_1161_3.pdf>
Package pdftex.def Info: ../myPlots/xB_PMiss_C12_1161_3.pdf  used on input line
 165.
(pdftex.def)             Requested size: 211.91867pt x 153.61357pt.
 [38 <../myPlots/xB_PMiss_kMiss_C12_1161_0.pdf, page is rotated 90 degrees> <..
/myPlots/xB_PMiss_kMiss_C12_1161_1.pdf, page is rotated 90 degrees> <../myPlots
/xB_PMiss_kMiss_C12_1161_2.pdf, page is rotated 90 degrees>]
<../myPlots/xB_PMiss_C12_1161_4.pdf, id=6934, 569.12625pt x 412.54124pt>
File: ../myPlots/xB_PMiss_C12_1161_4.pdf Graphic file (type pdf)
<use ../myPlots/xB_PMiss_C12_1161_4.pdf>
Package pdftex.def Info: ../myPlots/xB_PMiss_C12_1161_4.pdf  used on input line
 165.
(pdftex.def)             Requested size: 211.91867pt x 153.61357pt.
<../myPlots/xB_PMiss_C12_1161_5.pdf, id=6935, 569.12625pt x 412.54124pt>
File: ../myPlots/xB_PMiss_C12_1161_5.pdf Graphic file (type pdf)
<use ../myPlots/xB_PMiss_C12_1161_5.pdf>
Package pdftex.def Info: ../myPlots/xB_PMiss_C12_1161_5.pdf  used on input line
 165.
(pdftex.def)             Requested size: 211.91867pt x 153.61357pt.
<../myPlots/xB_PMiss_C12_1161_6.pdf, id=6936, 569.12625pt x 412.54124pt>
File: ../myPlots/xB_PMiss_C12_1161_6.pdf Graphic file (type pdf)
<use ../myPlots/xB_PMiss_C12_1161_6.pdf>
Package pdftex.def Info: ../myPlots/xB_PMiss_C12_1161_6.pdf  used on input line
 165.
(pdftex.def)             Requested size: 211.91867pt x 153.61357pt.
<../myPlots/xB_PMiss_C12_1161_7.pdf, id=6937, 569.12625pt x 412.54124pt>
File: ../myPlots/xB_PMiss_C12_1161_7.pdf Graphic file (type pdf)
<use ../myPlots/xB_PMiss_C12_1161_7.pdf>
Package pdftex.def Info: ../myPlots/xB_PMiss_C12_1161_7.pdf  used on input line
 165.
(pdftex.def)             Requested size: 211.91867pt x 153.61357pt.
<../myPlots/xB_PMiss_C12_1161_8.pdf, id=6938, 569.12625pt x 412.54124pt>
File: ../myPlots/xB_PMiss_C12_1161_8.pdf Graphic file (type pdf)
<use ../myPlots/xB_PMiss_C12_1161_8.pdf>
Package pdftex.def Info: ../myPlots/xB_PMiss_C12_1161_8.pdf  used on input line
 165.
(pdftex.def)             Requested size: 211.91867pt x 153.61357pt.
<../myPlots/xB_PMiss_C12_1161_9.pdf, id=6939, 569.12625pt x 412.54124pt>
File: ../myPlots/xB_PMiss_C12_1161_9.pdf Graphic file (type pdf)
<use ../myPlots/xB_PMiss_C12_1161_9.pdf>
Package pdftex.def Info: ../myPlots/xB_PMiss_C12_1161_9.pdf  used on input line
 165.
(pdftex.def)             Requested size: 211.91867pt x 153.61357pt.
 [39 <../myPlots/xB_PMiss_C12_1161_0.pdf, page is rotated 90 degrees> <../myPlo
ts/xB_PMiss_C12_1161_1.pdf, page is rotated 90 degrees> <../myPlots/xB_PMiss_C1
2_1161_2.pdf, page is rotated 90 degrees> <../myPlots/xB_PMiss_C12_1161_3.pdf, 
page is rotated 90 degrees>] [40 <../myPlots/xB_PMiss_C12_1161_4.pdf, page is r
otated 90 degrees> <../myPlots/xB_PMiss_C12_1161_5.pdf, page is rotated 90 degr
ees> <../myPlots/xB_PMiss_C12_1161_6.pdf, page is rotated 90 degrees> <../myPlo
ts/xB_PMiss_C12_1161_7.pdf, page is rotated 90 degrees> <../myPlots/xB_PMiss_C1
2_1161_8.pdf, page is rotated 90 degrees> <../myPlots/xB_PMiss_C12_1161_9.pdf, 
page is rotated 90 degrees>]

Package hyperref Warning: Token not allowed in a PDF string (PDFDocEncoding):
(hyperref)                removing `math shift' on input line 168.


Package hyperref Warning: Token not allowed in a PDF string (PDFDocEncoding):
(hyperref)                removing `superscript' on input line 168.


Package hyperref Warning: Token not allowed in a PDF string (PDFDocEncoding):
(hyperref)                removing `math shift' on input line 168.

<../myPlots/xB_LFG_Pn_C12_2261_0.pdf, id=7381, 569.12625pt x 412.54124pt>
File: ../myPlots/xB_LFG_Pn_C12_2261_0.pdf Graphic file (type pdf)
<use ../myPlots/xB_LFG_Pn_C12_2261_0.pdf>
Package pdftex.def Info: ../myPlots/xB_LFG_Pn_C12_2261_0.pdf  used on input lin
e 169.
(pdftex.def)             Requested size: 211.91867pt x 153.61357pt.
<../myPlots/xB_LFG_Pn_C12_2261_1.pdf, id=7382, 569.12625pt x 412.54124pt>
File: ../myPlots/xB_LFG_Pn_C12_2261_1.pdf Graphic file (type pdf)
<use ../myPlots/xB_LFG_Pn_C12_2261_1.pdf>
Package pdftex.def Info: ../myPlots/xB_LFG_Pn_C12_2261_1.pdf  used on input lin
e 169.
(pdftex.def)             Requested size: 211.91867pt x 153.61357pt.
<../myPlots/xB_LFG_Pn_C12_2261_2.pdf, id=7383, 569.12625pt x 412.54124pt>
File: ../myPlots/xB_LFG_Pn_C12_2261_2.pdf Graphic file (type pdf)
<use ../myPlots/xB_LFG_Pn_C12_2261_2.pdf>
Package pdftex.def Info: ../myPlots/xB_LFG_Pn_C12_2261_2.pdf  used on input lin
e 169.
(pdftex.def)             Requested size: 211.91867pt x 153.61357pt.
<../myPlots/xB_PMiss_kMiss_C12_2261_0.pdf, id=7384, 569.12625pt x 551.05875pt>
File: ../myPlots/xB_PMiss_kMiss_C12_2261_0.pdf Graphic file (type pdf)
<use ../myPlots/xB_PMiss_kMiss_C12_2261_0.pdf>
Package pdftex.def Info: ../myPlots/xB_PMiss_kMiss_C12_2261_0.pdf  used on inpu
t line 169.
(pdftex.def)             Requested size: 211.91867pt x 205.19185pt.
<../myPlots/xB_PMiss_kMiss_C12_2261_1.pdf, id=7385, 569.12625pt x 551.05875pt>
File: ../myPlots/xB_PMiss_kMiss_C12_2261_1.pdf Graphic file (type pdf)
<use ../myPlots/xB_PMiss_kMiss_C12_2261_1.pdf>
Package pdftex.def Info: ../myPlots/xB_PMiss_kMiss_C12_2261_1.pdf  used on inpu
t line 169.
(pdftex.def)             Requested size: 211.91867pt x 205.19185pt.
<../myPlots/xB_PMiss_kMiss_C12_2261_2.pdf, id=7386, 569.12625pt x 551.05875pt>
File: ../myPlots/xB_PMiss_kMiss_C12_2261_2.pdf Graphic file (type pdf)
<use ../myPlots/xB_PMiss_kMiss_C12_2261_2.pdf>
Package pdftex.def Info: ../myPlots/xB_PMiss_kMiss_C12_2261_2.pdf  used on inpu
t line 169.
(pdftex.def)             Requested size: 211.91867pt x 205.19185pt.
[41

 <../myPlots/xB_LFG_Pn_C12_2261_0.pdf, page is rotated 90 degrees> <../myPlots/
xB_LFG_Pn_C12_2261_1.pdf, page is rotated 90 degrees> <../myPlots/xB_LFG_Pn_C12
_2261_2.pdf, page is rotated 90 degrees>]
<../myPlots/xB_PMiss_C12_2261_0.pdf, id=7522, 569.12625pt x 412.54124pt>
File: ../myPlots/xB_PMiss_C12_2261_0.pdf Graphic file (type pdf)
<use ../myPlots/xB_PMiss_C12_2261_0.pdf>
Package pdftex.def Info: ../myPlots/xB_PMiss_C12_2261_0.pdf  used on input line
 169.
(pdftex.def)             Requested size: 211.91867pt x 153.61357pt.
<../myPlots/xB_PMiss_C12_2261_1.pdf, id=7523, 569.12625pt x 412.54124pt>
File: ../myPlots/xB_PMiss_C12_2261_1.pdf Graphic file (type pdf)
<use ../myPlots/xB_PMiss_C12_2261_1.pdf>
Package pdftex.def Info: ../myPlots/xB_PMiss_C12_2261_1.pdf  used on input line
 169.
(pdftex.def)             Requested size: 211.91867pt x 153.61357pt.
<../myPlots/xB_PMiss_C12_2261_2.pdf, id=7524, 569.12625pt x 412.54124pt>
File: ../myPlots/xB_PMiss_C12_2261_2.pdf Graphic file (type pdf)
<use ../myPlots/xB_PMiss_C12_2261_2.pdf>
Package pdftex.def Info: ../myPlots/xB_PMiss_C12_2261_2.pdf  used on input line
 169.
(pdftex.def)             Requested size: 211.91867pt x 153.61357pt.
<../myPlots/xB_PMiss_C12_2261_3.pdf, id=7525, 569.12625pt x 412.54124pt>
File: ../myPlots/xB_PMiss_C12_2261_3.pdf Graphic file (type pdf)
<use ../myPlots/xB_PMiss_C12_2261_3.pdf>
Package pdftex.def Info: ../myPlots/xB_PMiss_C12_2261_3.pdf  used on input line
 169.
(pdftex.def)             Requested size: 211.91867pt x 153.61357pt.
 [42 <../myPlots/xB_PMiss_kMiss_C12_2261_0.pdf, page is rotated 90 degrees> <..
/myPlots/xB_PMiss_kMiss_C12_2261_1.pdf, page is rotated 90 degrees> <../myPlots
/xB_PMiss_kMiss_C12_2261_2.pdf, page is rotated 90 degrees>]
<../myPlots/xB_PMiss_C12_2261_4.pdf, id=7661, 569.12625pt x 412.54124pt>
File: ../myPlots/xB_PMiss_C12_2261_4.pdf Graphic file (type pdf)
<use ../myPlots/xB_PMiss_C12_2261_4.pdf>
Package pdftex.def Info: ../myPlots/xB_PMiss_C12_2261_4.pdf  used on input line
 169.
(pdftex.def)             Requested size: 211.91867pt x 153.61357pt.
<../myPlots/xB_PMiss_C12_2261_5.pdf, id=7662, 569.12625pt x 412.54124pt>
File: ../myPlots/xB_PMiss_C12_2261_5.pdf Graphic file (type pdf)
<use ../myPlots/xB_PMiss_C12_2261_5.pdf>
Package pdftex.def Info: ../myPlots/xB_PMiss_C12_2261_5.pdf  used on input line
 169.
(pdftex.def)             Requested size: 211.91867pt x 153.61357pt.
<../myPlots/xB_PMiss_C12_2261_6.pdf, id=7663, 569.12625pt x 412.54124pt>
File: ../myPlots/xB_PMiss_C12_2261_6.pdf Graphic file (type pdf)
<use ../myPlots/xB_PMiss_C12_2261_6.pdf>
Package pdftex.def Info: ../myPlots/xB_PMiss_C12_2261_6.pdf  used on input line
 169.
(pdftex.def)             Requested size: 211.91867pt x 153.61357pt.
<../myPlots/xB_PMiss_C12_2261_7.pdf, id=7664, 569.12625pt x 412.54124pt>
File: ../myPlots/xB_PMiss_C12_2261_7.pdf Graphic file (type pdf)
<use ../myPlots/xB_PMiss_C12_2261_7.pdf>
Package pdftex.def Info: ../myPlots/xB_PMiss_C12_2261_7.pdf  used on input line
 169.
(pdftex.def)             Requested size: 211.91867pt x 153.61357pt.
<../myPlots/xB_PMiss_C12_2261_8.pdf, id=7665, 569.12625pt x 412.54124pt>
File: ../myPlots/xB_PMiss_C12_2261_8.pdf Graphic file (type pdf)
<use ../myPlots/xB_PMiss_C12_2261_8.pdf>
Package pdftex.def Info: ../myPlots/xB_PMiss_C12_2261_8.pdf  used on input line
 169.
(pdftex.def)             Requested size: 211.91867pt x 153.61357pt.
<../myPlots/xB_PMiss_C12_2261_9.pdf, id=7666, 569.12625pt x 412.54124pt>
File: ../myPlots/xB_PMiss_C12_2261_9.pdf Graphic file (type pdf)
<use ../myPlots/xB_PMiss_C12_2261_9.pdf>
Package pdftex.def Info: ../myPlots/xB_PMiss_C12_2261_9.pdf  used on input line
 169.
(pdftex.def)             Requested size: 211.91867pt x 153.61357pt.
 [43 <../myPlots/xB_PMiss_C12_2261_0.pdf, page is rotated 90 degrees> <../myPlo
ts/xB_PMiss_C12_2261_1.pdf, page is rotated 90 degrees> <../myPlots/xB_PMiss_C1
2_2261_2.pdf, page is rotated 90 degrees> <../myPlots/xB_PMiss_C12_2261_3.pdf, 
page is rotated 90 degrees>] [44 <../myPlots/xB_PMiss_C12_2261_4.pdf, page is r
otated 90 degrees> <../myPlots/xB_PMiss_C12_2261_5.pdf, page is rotated 90 degr
ees> <../myPlots/xB_PMiss_C12_2261_6.pdf, page is rotated 90 degrees> <../myPlo
ts/xB_PMiss_C12_2261_7.pdf, page is rotated 90 degrees> <../myPlots/xB_PMiss_C1
2_2261_8.pdf, page is rotated 90 degrees> <../myPlots/xB_PMiss_C12_2261_9.pdf, 
page is rotated 90 degrees>]

Package hyperref Warning: Token not allowed in a PDF string (PDFDocEncoding):
(hyperref)                removing `math shift' on input line 172.


Package hyperref Warning: Token not allowed in a PDF string (PDFDocEncoding):
(hyperref)                removing `superscript' on input line 172.


Package hyperref Warning: Token not allowed in a PDF string (PDFDocEncoding):
(hyperref)                removing `math shift' on input line 172.

<../myPlots/xB_LFG_Pn_C12_4461_0.pdf, id=8109, 569.12625pt x 412.54124pt>
File: ../myPlots/xB_LFG_Pn_C12_4461_0.pdf Graphic file (type pdf)
<use ../myPlots/xB_LFG_Pn_C12_4461_0.pdf>
Package pdftex.def Info: ../myPlots/xB_LFG_Pn_C12_4461_0.pdf  used on input lin
e 173.
(pdftex.def)             Requested size: 211.91867pt x 153.61357pt.
<../myPlots/xB_LFG_Pn_C12_4461_1.pdf, id=8110, 569.12625pt x 412.54124pt>
File: ../myPlots/xB_LFG_Pn_C12_4461_1.pdf Graphic file (type pdf)
<use ../myPlots/xB_LFG_Pn_C12_4461_1.pdf>
Package pdftex.def Info: ../myPlots/xB_LFG_Pn_C12_4461_1.pdf  used on input lin
e 173.
(pdftex.def)             Requested size: 211.91867pt x 153.61357pt.
<../myPlots/xB_LFG_Pn_C12_4461_2.pdf, id=8111, 569.12625pt x 412.54124pt>
File: ../myPlots/xB_LFG_Pn_C12_4461_2.pdf Graphic file (type pdf)
<use ../myPlots/xB_LFG_Pn_C12_4461_2.pdf>
Package pdftex.def Info: ../myPlots/xB_LFG_Pn_C12_4461_2.pdf  used on input lin
e 173.
(pdftex.def)             Requested size: 211.91867pt x 153.61357pt.
<../myPlots/xB_PMiss_kMiss_C12_4461_0.pdf, id=8112, 569.12625pt x 551.05875pt>
File: ../myPlots/xB_PMiss_kMiss_C12_4461_0.pdf Graphic file (type pdf)
<use ../myPlots/xB_PMiss_kMiss_C12_4461_0.pdf>
Package pdftex.def Info: ../myPlots/xB_PMiss_kMiss_C12_4461_0.pdf  used on inpu
t line 173.
(pdftex.def)             Requested size: 211.91867pt x 205.19185pt.
<../myPlots/xB_PMiss_kMiss_C12_4461_1.pdf, id=8113, 569.12625pt x 551.05875pt>
File: ../myPlots/xB_PMiss_kMiss_C12_4461_1.pdf Graphic file (type pdf)
<use ../myPlots/xB_PMiss_kMiss_C12_4461_1.pdf>
Package pdftex.def Info: ../myPlots/xB_PMiss_kMiss_C12_4461_1.pdf  used on inpu
t line 173.
(pdftex.def)             Requested size: 211.91867pt x 205.19185pt.
<../myPlots/xB_PMiss_kMiss_C12_4461_2.pdf, id=8114, 569.12625pt x 551.05875pt>
File: ../myPlots/xB_PMiss_kMiss_C12_4461_2.pdf Graphic file (type pdf)
<use ../myPlots/xB_PMiss_kMiss_C12_4461_2.pdf>
Package pdftex.def Info: ../myPlots/xB_PMiss_kMiss_C12_4461_2.pdf  used on inpu
t line 173.
(pdftex.def)             Requested size: 211.91867pt x 205.19185pt.
[45

 <../myPlots/xB_LFG_Pn_C12_4461_0.pdf, page is rotated 90 degrees> <../myPlots/
xB_LFG_Pn_C12_4461_1.pdf, page is rotated 90 degrees> <../myPlots/xB_LFG_Pn_C12
_4461_2.pdf, page is rotated 90 degrees>]
<../myPlots/xB_PMiss_C12_4461_0.pdf, id=8250, 569.12625pt x 412.54124pt>
File: ../myPlots/xB_PMiss_C12_4461_0.pdf Graphic file (type pdf)
<use ../myPlots/xB_PMiss_C12_4461_0.pdf>
Package pdftex.def Info: ../myPlots/xB_PMiss_C12_4461_0.pdf  used on input line
 173.
(pdftex.def)             Requested size: 211.91867pt x 153.61357pt.
<../myPlots/xB_PMiss_C12_4461_1.pdf, id=8251, 569.12625pt x 412.54124pt>
File: ../myPlots/xB_PMiss_C12_4461_1.pdf Graphic file (type pdf)
<use ../myPlots/xB_PMiss_C12_4461_1.pdf>
Package pdftex.def Info: ../myPlots/xB_PMiss_C12_4461_1.pdf  used on input line
 173.
(pdftex.def)             Requested size: 211.91867pt x 153.61357pt.
<../myPlots/xB_PMiss_C12_4461_2.pdf, id=8252, 569.12625pt x 412.54124pt>
File: ../myPlots/xB_PMiss_C12_4461_2.pdf Graphic file (type pdf)
<use ../myPlots/xB_PMiss_C12_4461_2.pdf>
Package pdftex.def Info: ../myPlots/xB_PMiss_C12_4461_2.pdf  used on input line
 173.
(pdftex.def)             Requested size: 211.91867pt x 153.61357pt.
<../myPlots/xB_PMiss_C12_4461_3.pdf, id=8253, 569.12625pt x 412.54124pt>
File: ../myPlots/xB_PMiss_C12_4461_3.pdf Graphic file (type pdf)
<use ../myPlots/xB_PMiss_C12_4461_3.pdf>
Package pdftex.def Info: ../myPlots/xB_PMiss_C12_4461_3.pdf  used on input line
 173.
(pdftex.def)             Requested size: 211.91867pt x 153.61357pt.
 [46 <../myPlots/xB_PMiss_kMiss_C12_4461_0.pdf, page is rotated 90 degrees> <..
/myPlots/xB_PMiss_kMiss_C12_4461_1.pdf, page is rotated 90 degrees> <../myPlots
/xB_PMiss_kMiss_C12_4461_2.pdf, page is rotated 90 degrees>]
<../myPlots/xB_PMiss_C12_4461_4.pdf, id=8389, 569.12625pt x 412.54124pt>
File: ../myPlots/xB_PMiss_C12_4461_4.pdf Graphic file (type pdf)
<use ../myPlots/xB_PMiss_C12_4461_4.pdf>
Package pdftex.def Info: ../myPlots/xB_PMiss_C12_4461_4.pdf  used on input line
 173.
(pdftex.def)             Requested size: 211.91867pt x 153.61357pt.
<../myPlots/xB_PMiss_C12_4461_5.pdf, id=8390, 569.12625pt x 412.54124pt>
File: ../myPlots/xB_PMiss_C12_4461_5.pdf Graphic file (type pdf)
<use ../myPlots/xB_PMiss_C12_4461_5.pdf>
Package pdftex.def Info: ../myPlots/xB_PMiss_C12_4461_5.pdf  used on input line
 173.
(pdftex.def)             Requested size: 211.91867pt x 153.61357pt.
<../myPlots/xB_PMiss_C12_4461_6.pdf, id=8391, 569.12625pt x 412.54124pt>
File: ../myPlots/xB_PMiss_C12_4461_6.pdf Graphic file (type pdf)
<use ../myPlots/xB_PMiss_C12_4461_6.pdf>
Package pdftex.def Info: ../myPlots/xB_PMiss_C12_4461_6.pdf  used on input line
 173.
(pdftex.def)             Requested size: 211.91867pt x 153.61357pt.
<../myPlots/xB_PMiss_C12_4461_7.pdf, id=8392, 569.12625pt x 412.54124pt>
File: ../myPlots/xB_PMiss_C12_4461_7.pdf Graphic file (type pdf)
<use ../myPlots/xB_PMiss_C12_4461_7.pdf>
Package pdftex.def Info: ../myPlots/xB_PMiss_C12_4461_7.pdf  used on input line
 173.
(pdftex.def)             Requested size: 211.91867pt x 153.61357pt.
<../myPlots/xB_PMiss_C12_4461_8.pdf, id=8393, 569.12625pt x 412.54124pt>
File: ../myPlots/xB_PMiss_C12_4461_8.pdf Graphic file (type pdf)
<use ../myPlots/xB_PMiss_C12_4461_8.pdf>
Package pdftex.def Info: ../myPlots/xB_PMiss_C12_4461_8.pdf  used on input line
 173.
(pdftex.def)             Requested size: 211.91867pt x 153.61357pt.
<../myPlots/xB_PMiss_C12_4461_9.pdf, id=8394, 569.12625pt x 412.54124pt>
File: ../myPlots/xB_PMiss_C12_4461_9.pdf Graphic file (type pdf)
<use ../myPlots/xB_PMiss_C12_4461_9.pdf>
Package pdftex.def Info: ../myPlots/xB_PMiss_C12_4461_9.pdf  used on input line
 173.
(pdftex.def)             Requested size: 211.91867pt x 153.61357pt.
 [47 <../myPlots/xB_PMiss_C12_4461_0.pdf, page is rotated 90 degrees> <../myPlo
ts/xB_PMiss_C12_4461_1.pdf, page is rotated 90 degrees> <../myPlots/xB_PMiss_C1
2_4461_2.pdf, page is rotated 90 degrees> <../myPlots/xB_PMiss_C12_4461_3.pdf, 
page is rotated 90 degrees>] [48 <../myPlots/xB_PMiss_C12_4461_4.pdf, page is r
otated 90 degrees> <../myPlots/xB_PMiss_C12_4461_5.pdf, page is rotated 90 degr
ees> <../myPlots/xB_PMiss_C12_4461_6.pdf, page is rotated 90 degrees> <../myPlo
ts/xB_PMiss_C12_4461_7.pdf, page is rotated 90 degrees> <../myPlots/xB_PMiss_C1
2_4461_8.pdf, page is rotated 90 degrees> <../myPlots/xB_PMiss_C12_4461_9.pdf, 
page is rotated 90 degrees>]

Package hyperref Warning: Token not allowed in a PDF string (PDFDocEncoding):
(hyperref)                removing `math shift' on input line 176.


Package hyperref Warning: Token not allowed in a PDF string (PDFDocEncoding):
(hyperref)                removing `superscript' on input line 176.


Package hyperref Warning: Token not allowed in a PDF string (PDFDocEncoding):
(hyperref)                removing `math shift' on input line 176.

<../myPlots/xB_LFG_Pn_56Fe_2261_0.pdf, id=8837, 569.12625pt x 412.54124pt>
File: ../myPlots/xB_LFG_Pn_56Fe_2261_0.pdf Graphic file (type pdf)
<use ../myPlots/xB_LFG_Pn_56Fe_2261_0.pdf>
Package pdftex.def Info: ../myPlots/xB_LFG_Pn_56Fe_2261_0.pdf  used on input li
ne 177.
(pdftex.def)             Requested size: 211.91867pt x 153.61357pt.
<../myPlots/xB_LFG_Pn_56Fe_2261_1.pdf, id=8838, 569.12625pt x 412.54124pt>
File: ../myPlots/xB_LFG_Pn_56Fe_2261_1.pdf Graphic file (type pdf)
<use ../myPlots/xB_LFG_Pn_56Fe_2261_1.pdf>
Package pdftex.def Info: ../myPlots/xB_LFG_Pn_56Fe_2261_1.pdf  used on input li
ne 177.
(pdftex.def)             Requested size: 211.91867pt x 153.61357pt.
<../myPlots/xB_LFG_Pn_56Fe_2261_2.pdf, id=8839, 569.12625pt x 412.54124pt>
File: ../myPlots/xB_LFG_Pn_56Fe_2261_2.pdf Graphic file (type pdf)
<use ../myPlots/xB_LFG_Pn_56Fe_2261_2.pdf>
Package pdftex.def Info: ../myPlots/xB_LFG_Pn_56Fe_2261_2.pdf  used on input li
ne 177.
(pdftex.def)             Requested size: 211.91867pt x 153.61357pt.
<../myPlots/xB_PMiss_kMiss_56Fe_2261_0.pdf, id=8840, 569.12625pt x 551.05875pt>

File: ../myPlots/xB_PMiss_kMiss_56Fe_2261_0.pdf Graphic file (type pdf)
<use ../myPlots/xB_PMiss_kMiss_56Fe_2261_0.pdf>
Package pdftex.def Info: ../myPlots/xB_PMiss_kMiss_56Fe_2261_0.pdf  used on inp
ut line 177.
(pdftex.def)             Requested size: 211.91867pt x 205.19185pt.
<../myPlots/xB_PMiss_kMiss_56Fe_2261_1.pdf, id=8841, 569.12625pt x 551.05875pt>

File: ../myPlots/xB_PMiss_kMiss_56Fe_2261_1.pdf Graphic file (type pdf)
<use ../myPlots/xB_PMiss_kMiss_56Fe_2261_1.pdf>
Package pdftex.def Info: ../myPlots/xB_PMiss_kMiss_56Fe_2261_1.pdf  used on inp
ut line 177.
(pdftex.def)             Requested size: 211.91867pt x 205.19185pt.
<../myPlots/xB_PMiss_kMiss_56Fe_2261_2.pdf, id=8842, 569.12625pt x 551.05875pt>

File: ../myPlots/xB_PMiss_kMiss_56Fe_2261_2.pdf Graphic file (type pdf)
<use ../myPlots/xB_PMiss_kMiss_56Fe_2261_2.pdf>
Package pdftex.def Info: ../myPlots/xB_PMiss_kMiss_56Fe_2261_2.pdf  used on inp
ut line 177.
(pdftex.def)             Requested size: 211.91867pt x 205.19185pt.
[49

 <../myPlots/xB_LFG_Pn_56Fe_2261_0.pdf, page is rotated 90 degrees> <../myPlots
/xB_LFG_Pn_56Fe_2261_1.pdf, page is rotated 90 degrees> <../myPlots/xB_LFG_Pn_5
6Fe_2261_2.pdf, page is rotated 90 degrees>]
<../myPlots/xB_PMiss_56Fe_2261_0.pdf, id=8978, 569.12625pt x 412.54124pt>
File: ../myPlots/xB_PMiss_56Fe_2261_0.pdf Graphic file (type pdf)
<use ../myPlots/xB_PMiss_56Fe_2261_0.pdf>
Package pdftex.def Info: ../myPlots/xB_PMiss_56Fe_2261_0.pdf  used on input lin
e 177.
(pdftex.def)             Requested size: 211.91867pt x 153.61357pt.
<../myPlots/xB_PMiss_56Fe_2261_1.pdf, id=8979, 569.12625pt x 412.54124pt>
File: ../myPlots/xB_PMiss_56Fe_2261_1.pdf Graphic file (type pdf)
<use ../myPlots/xB_PMiss_56Fe_2261_1.pdf>
Package pdftex.def Info: ../myPlots/xB_PMiss_56Fe_2261_1.pdf  used on input lin
e 177.
(pdftex.def)             Requested size: 211.91867pt x 153.61357pt.
<../myPlots/xB_PMiss_56Fe_2261_2.pdf, id=8980, 569.12625pt x 412.54124pt>
File: ../myPlots/xB_PMiss_56Fe_2261_2.pdf Graphic file (type pdf)
<use ../myPlots/xB_PMiss_56Fe_2261_2.pdf>
Package pdftex.def Info: ../myPlots/xB_PMiss_56Fe_2261_2.pdf  used on input lin
e 177.
(pdftex.def)             Requested size: 211.91867pt x 153.61357pt.
<../myPlots/xB_PMiss_56Fe_2261_3.pdf, id=8981, 569.12625pt x 412.54124pt>
File: ../myPlots/xB_PMiss_56Fe_2261_3.pdf Graphic file (type pdf)
<use ../myPlots/xB_PMiss_56Fe_2261_3.pdf>
Package pdftex.def Info: ../myPlots/xB_PMiss_56Fe_2261_3.pdf  used on input lin
e 177.
(pdftex.def)             Requested size: 211.91867pt x 153.61357pt.
 [50 <../myPlots/xB_PMiss_kMiss_56Fe_2261_0.pdf, page is rotated 90 degrees> <.
./myPlots/xB_PMiss_kMiss_56Fe_2261_1.pdf, page is rotated 90 degrees> <../myPlo
ts/xB_PMiss_kMiss_56Fe_2261_2.pdf, page is rotated 90 degrees>]
<../myPlots/xB_PMiss_56Fe_2261_4.pdf, id=9117, 569.12625pt x 412.54124pt>
File: ../myPlots/xB_PMiss_56Fe_2261_4.pdf Graphic file (type pdf)
<use ../myPlots/xB_PMiss_56Fe_2261_4.pdf>
Package pdftex.def Info: ../myPlots/xB_PMiss_56Fe_2261_4.pdf  used on input lin
e 177.
(pdftex.def)             Requested size: 211.91867pt x 153.61357pt.
<../myPlots/xB_PMiss_56Fe_2261_5.pdf, id=9118, 569.12625pt x 412.54124pt>
File: ../myPlots/xB_PMiss_56Fe_2261_5.pdf Graphic file (type pdf)
<use ../myPlots/xB_PMiss_56Fe_2261_5.pdf>
Package pdftex.def Info: ../myPlots/xB_PMiss_56Fe_2261_5.pdf  used on input lin
e 177.
(pdftex.def)             Requested size: 211.91867pt x 153.61357pt.
<../myPlots/xB_PMiss_56Fe_2261_6.pdf, id=9119, 569.12625pt x 412.54124pt>
File: ../myPlots/xB_PMiss_56Fe_2261_6.pdf Graphic file (type pdf)
<use ../myPlots/xB_PMiss_56Fe_2261_6.pdf>
Package pdftex.def Info: ../myPlots/xB_PMiss_56Fe_2261_6.pdf  used on input lin
e 177.
(pdftex.def)             Requested size: 211.91867pt x 153.61357pt.
<../myPlots/xB_PMiss_56Fe_2261_7.pdf, id=9120, 569.12625pt x 412.54124pt>
File: ../myPlots/xB_PMiss_56Fe_2261_7.pdf Graphic file (type pdf)
<use ../myPlots/xB_PMiss_56Fe_2261_7.pdf>
Package pdftex.def Info: ../myPlots/xB_PMiss_56Fe_2261_7.pdf  used on input lin
e 177.
(pdftex.def)             Requested size: 211.91867pt x 153.61357pt.
<../myPlots/xB_PMiss_56Fe_2261_8.pdf, id=9121, 569.12625pt x 412.54124pt>
File: ../myPlots/xB_PMiss_56Fe_2261_8.pdf Graphic file (type pdf)
<use ../myPlots/xB_PMiss_56Fe_2261_8.pdf>
Package pdftex.def Info: ../myPlots/xB_PMiss_56Fe_2261_8.pdf  used on input lin
e 177.
(pdftex.def)             Requested size: 211.91867pt x 153.61357pt.
<../myPlots/xB_PMiss_56Fe_2261_9.pdf, id=9122, 569.12625pt x 412.54124pt>
File: ../myPlots/xB_PMiss_56Fe_2261_9.pdf Graphic file (type pdf)
<use ../myPlots/xB_PMiss_56Fe_2261_9.pdf>
Package pdftex.def Info: ../myPlots/xB_PMiss_56Fe_2261_9.pdf  used on input lin
e 177.
(pdftex.def)             Requested size: 211.91867pt x 153.61357pt.
 [51 <../myPlots/xB_PMiss_56Fe_2261_0.pdf, page is rotated 90 degrees> <../myPl
ots/xB_PMiss_56Fe_2261_1.pdf, page is rotated 90 degrees> <../myPlots/xB_PMiss_
56Fe_2261_2.pdf, page is rotated 90 degrees> <../myPlots/xB_PMiss_56Fe_2261_3.p
df, page is rotated 90 degrees>] [52 <../myPlots/xB_PMiss_56Fe_2261_4.pdf, page
 is rotated 90 degrees> <../myPlots/xB_PMiss_56Fe_2261_5.pdf, page is rotated 9
0 degrees> <../myPlots/xB_PMiss_56Fe_2261_6.pdf, page is rotated 90 degrees> <.
./myPlots/xB_PMiss_56Fe_2261_7.pdf, page is rotated 90 degrees> <../myPlots/xB_
PMiss_56Fe_2261_8.pdf, page is rotated 90 degrees> <../myPlots/xB_PMiss_56Fe_22
61_9.pdf, page is rotated 90 degrees>]

Package hyperref Warning: Token not allowed in a PDF string (PDFDocEncoding):
(hyperref)                removing `math shift' on input line 180.


Package hyperref Warning: Token not allowed in a PDF string (PDFDocEncoding):
(hyperref)                removing `superscript' on input line 180.


Package hyperref Warning: Token not allowed in a PDF string (PDFDocEncoding):
(hyperref)                removing `math shift' on input line 180.

<../myPlots/xB_LFG_Pn_56Fe_4461_0.pdf, id=9565, 569.12625pt x 412.54124pt>
File: ../myPlots/xB_LFG_Pn_56Fe_4461_0.pdf Graphic file (type pdf)
<use ../myPlots/xB_LFG_Pn_56Fe_4461_0.pdf>
Package pdftex.def Info: ../myPlots/xB_LFG_Pn_56Fe_4461_0.pdf  used on input li
ne 181.
(pdftex.def)             Requested size: 211.91867pt x 153.61357pt.
<../myPlots/xB_LFG_Pn_56Fe_4461_1.pdf, id=9566, 569.12625pt x 412.54124pt>
File: ../myPlots/xB_LFG_Pn_56Fe_4461_1.pdf Graphic file (type pdf)
<use ../myPlots/xB_LFG_Pn_56Fe_4461_1.pdf>
Package pdftex.def Info: ../myPlots/xB_LFG_Pn_56Fe_4461_1.pdf  used on input li
ne 181.
(pdftex.def)             Requested size: 211.91867pt x 153.61357pt.
<../myPlots/xB_LFG_Pn_56Fe_4461_2.pdf, id=9567, 569.12625pt x 412.54124pt>
File: ../myPlots/xB_LFG_Pn_56Fe_4461_2.pdf Graphic file (type pdf)
<use ../myPlots/xB_LFG_Pn_56Fe_4461_2.pdf>
Package pdftex.def Info: ../myPlots/xB_LFG_Pn_56Fe_4461_2.pdf  used on input li
ne 181.
(pdftex.def)             Requested size: 211.91867pt x 153.61357pt.
<../myPlots/xB_PMiss_kMiss_56Fe_4461_0.pdf, id=9568, 569.12625pt x 551.05875pt>

File: ../myPlots/xB_PMiss_kMiss_56Fe_4461_0.pdf Graphic file (type pdf)
<use ../myPlots/xB_PMiss_kMiss_56Fe_4461_0.pdf>
Package pdftex.def Info: ../myPlots/xB_PMiss_kMiss_56Fe_4461_0.pdf  used on inp
ut line 181.
(pdftex.def)             Requested size: 211.91867pt x 205.19185pt.
<../myPlots/xB_PMiss_kMiss_56Fe_4461_1.pdf, id=9569, 569.12625pt x 551.05875pt>

File: ../myPlots/xB_PMiss_kMiss_56Fe_4461_1.pdf Graphic file (type pdf)
<use ../myPlots/xB_PMiss_kMiss_56Fe_4461_1.pdf>
Package pdftex.def Info: ../myPlots/xB_PMiss_kMiss_56Fe_4461_1.pdf  used on inp
ut line 181.
(pdftex.def)             Requested size: 211.91867pt x 205.19185pt.
<../myPlots/xB_PMiss_kMiss_56Fe_4461_2.pdf, id=9570, 569.12625pt x 551.05875pt>

File: ../myPlots/xB_PMiss_kMiss_56Fe_4461_2.pdf Graphic file (type pdf)
<use ../myPlots/xB_PMiss_kMiss_56Fe_4461_2.pdf>
Package pdftex.def Info: ../myPlots/xB_PMiss_kMiss_56Fe_4461_2.pdf  used on inp
ut line 181.
(pdftex.def)             Requested size: 211.91867pt x 205.19185pt.
[53

 <../myPlots/xB_LFG_Pn_56Fe_4461_0.pdf, page is rotated 90 degrees> <../myPlots
/xB_LFG_Pn_56Fe_4461_1.pdf, page is rotated 90 degrees> <../myPlots/xB_LFG_Pn_5
6Fe_4461_2.pdf, page is rotated 90 degrees>]
<../myPlots/xB_PMiss_56Fe_4461_0.pdf, id=9705, 569.12625pt x 412.54124pt>
File: ../myPlots/xB_PMiss_56Fe_4461_0.pdf Graphic file (type pdf)
<use ../myPlots/xB_PMiss_56Fe_4461_0.pdf>
Package pdftex.def Info: ../myPlots/xB_PMiss_56Fe_4461_0.pdf  used on input lin
e 181.
(pdftex.def)             Requested size: 211.91867pt x 153.61357pt.
<../myPlots/xB_PMiss_56Fe_4461_1.pdf, id=9706, 569.12625pt x 412.54124pt>
File: ../myPlots/xB_PMiss_56Fe_4461_1.pdf Graphic file (type pdf)
<use ../myPlots/xB_PMiss_56Fe_4461_1.pdf>
Package pdftex.def Info: ../myPlots/xB_PMiss_56Fe_4461_1.pdf  used on input lin
e 181.
(pdftex.def)             Requested size: 211.91867pt x 153.61357pt.
<../myPlots/xB_PMiss_56Fe_4461_2.pdf, id=9707, 569.12625pt x 412.54124pt>
File: ../myPlots/xB_PMiss_56Fe_4461_2.pdf Graphic file (type pdf)
<use ../myPlots/xB_PMiss_56Fe_4461_2.pdf>
Package pdftex.def Info: ../myPlots/xB_PMiss_56Fe_4461_2.pdf  used on input lin
e 181.
(pdftex.def)             Requested size: 211.91867pt x 153.61357pt.
<../myPlots/xB_PMiss_56Fe_4461_3.pdf, id=9708, 569.12625pt x 412.54124pt>
File: ../myPlots/xB_PMiss_56Fe_4461_3.pdf Graphic file (type pdf)
<use ../myPlots/xB_PMiss_56Fe_4461_3.pdf>
Package pdftex.def Info: ../myPlots/xB_PMiss_56Fe_4461_3.pdf  used on input lin
e 181.
(pdftex.def)             Requested size: 211.91867pt x 153.61357pt.
 [54 <../myPlots/xB_PMiss_kMiss_56Fe_4461_0.pdf, page is rotated 90 degrees> <.
./myPlots/xB_PMiss_kMiss_56Fe_4461_1.pdf, page is rotated 90 degrees> <../myPlo
ts/xB_PMiss_kMiss_56Fe_4461_2.pdf, page is rotated 90 degrees>]
<../myPlots/xB_PMiss_56Fe_4461_4.pdf, id=9844, 569.12625pt x 412.54124pt>
File: ../myPlots/xB_PMiss_56Fe_4461_4.pdf Graphic file (type pdf)
<use ../myPlots/xB_PMiss_56Fe_4461_4.pdf>
Package pdftex.def Info: ../myPlots/xB_PMiss_56Fe_4461_4.pdf  used on input lin
e 181.
(pdftex.def)             Requested size: 211.91867pt x 153.61357pt.
<../myPlots/xB_PMiss_56Fe_4461_5.pdf, id=9845, 569.12625pt x 412.54124pt>
File: ../myPlots/xB_PMiss_56Fe_4461_5.pdf Graphic file (type pdf)
<use ../myPlots/xB_PMiss_56Fe_4461_5.pdf>
Package pdftex.def Info: ../myPlots/xB_PMiss_56Fe_4461_5.pdf  used on input lin
e 181.
(pdftex.def)             Requested size: 211.91867pt x 153.61357pt.
<../myPlots/xB_PMiss_56Fe_4461_6.pdf, id=9846, 569.12625pt x 412.54124pt>
File: ../myPlots/xB_PMiss_56Fe_4461_6.pdf Graphic file (type pdf)
<use ../myPlots/xB_PMiss_56Fe_4461_6.pdf>
Package pdftex.def Info: ../myPlots/xB_PMiss_56Fe_4461_6.pdf  used on input lin
e 181.
(pdftex.def)             Requested size: 211.91867pt x 153.61357pt.
<../myPlots/xB_PMiss_56Fe_4461_7.pdf, id=9847, 569.12625pt x 412.54124pt>
File: ../myPlots/xB_PMiss_56Fe_4461_7.pdf Graphic file (type pdf)
<use ../myPlots/xB_PMiss_56Fe_4461_7.pdf>
Package pdftex.def Info: ../myPlots/xB_PMiss_56Fe_4461_7.pdf  used on input lin
e 181.
(pdftex.def)             Requested size: 211.91867pt x 153.61357pt.
<../myPlots/xB_PMiss_56Fe_4461_8.pdf, id=9848, 569.12625pt x 412.54124pt>
File: ../myPlots/xB_PMiss_56Fe_4461_8.pdf Graphic file (type pdf)
<use ../myPlots/xB_PMiss_56Fe_4461_8.pdf>
Package pdftex.def Info: ../myPlots/xB_PMiss_56Fe_4461_8.pdf  used on input lin
e 181.
(pdftex.def)             Requested size: 211.91867pt x 153.61357pt.
<../myPlots/xB_PMiss_56Fe_4461_9.pdf, id=9849, 569.12625pt x 412.54124pt>
File: ../myPlots/xB_PMiss_56Fe_4461_9.pdf Graphic file (type pdf)
<use ../myPlots/xB_PMiss_56Fe_4461_9.pdf>
Package pdftex.def Info: ../myPlots/xB_PMiss_56Fe_4461_9.pdf  used on input lin
e 181.
(pdftex.def)             Requested size: 211.91867pt x 153.61357pt.
 [55 <../myPlots/xB_PMiss_56Fe_4461_0.pdf, page is rotated 90 degrees> <../myPl
ots/xB_PMiss_56Fe_4461_1.pdf, page is rotated 90 degrees> <../myPlots/xB_PMiss_
56Fe_4461_2.pdf, page is rotated 90 degrees> <../myPlots/xB_PMiss_56Fe_4461_3.p
df, page is rotated 90 degrees>] [56 <../myPlots/xB_PMiss_56Fe_4461_4.pdf, page
 is rotated 90 degrees> <../myPlots/xB_PMiss_56Fe_4461_5.pdf, page is rotated 9
0 degrees> <../myPlots/xB_PMiss_56Fe_4461_6.pdf, page is rotated 90 degrees> <.
./myPlots/xB_PMiss_56Fe_4461_7.pdf, page is rotated 90 degrees> <../myPlots/xB_
PMiss_56Fe_4461_8.pdf, page is rotated 90 degrees> <../myPlots/xB_PMiss_56Fe_44
61_9.pdf, page is rotated 90 degrees>]
Package atveryend Info: Empty hook `BeforeClearDocument' on input line 183.
Package atveryend Info: Empty hook `AfterLastShipout' on input line 183.

(./apapadop_LightCone_Neutrinos.aux)
Package atveryend Info: Executing hook `AtVeryEndDocument' on input line 183.
Package atveryend Info: Executing hook `AtEndAfterFileList' on input line 183.
Package rerunfilecheck Info: File `apapadop_LightCone_Neutrinos.out' has not ch
anged.
(rerunfilecheck)             Checksum: 2D1D869DF4B885AB9EB857F276158720;1232.
Package atveryend Info: Empty hook `AtVeryVeryEnd' on input line 183.
 ) 
Here is how much of TeX's memory you used:
 23155 strings out of 481239
 450019 string characters out of 5920377
 667789 words of memory out of 5000000
 37595 multiletter control sequences out of 15000+600000
 548072 words of font info for 55 fonts, out of 8000000 for 9000
 1141 hyphenation exceptions out of 8191
 68i,13n,83p,909b,676s stack positions out of 5000i,500n,10000p,200000b,80000s
{/usr/share/texmf/fonts/enc/dvips/cm-super/cm-super-t1.enc}</usr/share/texliv
e/texmf-dist/fonts/type1/public/cbfonts/grmn1000.pfb></usr/share/texlive/texmf-
dist/fonts/type1/public/cbfonts/grmn1440.pfb></usr/share/texmf/fonts/type1/publ
ic/cm-super/sfbx1200.pfb></usr/share/texmf/fonts/type1/public/cm-super/sfbx1440
.pfb></usr/share/texmf/fonts/type1/public/cm-super/sfrm0800.pfb></usr/share/tex
mf/fonts/type1/public/cm-super/sfrm1000.pfb></usr/share/texmf/fonts/type1/publi
c/cm-super/sfrm1200.pfb></usr/share/texmf/fonts/type1/public/cm-super/sfsl1000.
pfb></usr/share/texmf/fonts/type1/public/cm-super/sfss0500.pfb>
Output written on apapadop_LightCone_Neutrinos.pdf (56 pages, 4223855 bytes).
PDF statistics:
 10356 PDF objects out of 10688 (max. 8388607)
 4404 compressed objects within 45 object streams
 129 named destinations out of 1000 (max. 500000)
 1357 words of extra memory for PDF output out of 10000 (max. 10000000)

